Date,Open,High,Low,Close,Volume,Dividends,Stock Splits
2021-03-01 00:00:00-05:00,130.915862646817,132.42120882036673,125.61054853762276,128.8490753173828,6485300,0.0,0.0
2021-03-08 00:00:00-05:00,129.02807217463283,133.45457798536063,127.62036597486927,133.0395965576172,4752400,0.0,0.0
2021-03-15 00:00:00-04:00,133.0152271216583,137.87300568872567,132.71416280295097,134.984375,4541300,0.0,0.0
2021-03-22 00:00:00-04:00,134.56938232600731,138.06827387410712,134.21135321115796,137.49868774414062,3189100,0.0,0.0
2021-03-29 00:00:00-04:00,137.11621970279995,138.29609151356647,133.37321705691943,138.10079956054688,3787200,1.09,0.0
2021-04-05 00:00:00-04:00,139.59435310315303,141.1176478325295,137.5387293674681,137.9154510498047,4091200,0.0,0.0
2021-04-12 00:00:00-04:00,138.04652390817438,144.18065559635863,137.3667726666339,143.85305786132812,3538600,0.0,0.0
2021-04-19 00:00:00-04:00,143.89401694889764,148.30010987569847,143.16512913169237,146.88328552246094,3331700,0.0,0.0
2021-04-26 00:00:00-04:00,147.16984867062465,148.58667234200226,145.29440086260948,148.31642150878906,3223800,0.0,0.0
2021-05-03 00:00:00-04:00,148.11168622527273,148.6440151652526,143.59093912451272,145.8922576904297,3912400,0.0,0.0
2021-05-10 00:00:00-04:00,147.10434961104298,148.86515412636402,141.0930734904285,142.36248779296875,2671900,0.0,0.0
2021-05-17 00:00:00-04:00,142.49354276275682,144.45907884024425,140.45428939751906,142.9931182861328,2956100,0.0,0.0
2021-05-24 00:00:00-04:00,143.75475539762823,146.80134497935236,143.35345294048034,145.9905548095703,4025500,0.0,0.0
2021-05-31 00:00:00-04:00,146.56386190987814,151.37942938280958,145.4009056955023,150.76519775390625,2964200,0.0,0.0
2021-06-07 00:00:00-04:00,150.92079940589184,158.87305675992243,150.83889685983138,158.40623474121094,3573000,0.0,0.0
2021-06-14 00:00:00-04:00,158.4963164073223,158.86485285717913,148.50481850687476,149.6104278564453,12564100,0.0,0.0
2021-06-21 00:00:00-04:00,150.0772752902223,153.7053311174359,149.40570931512394,151.24021911621094,4704100,0.0,0.0
2021-06-28 00:00:00-04:00,151.56779885551092,151.56779885551092,148.10352355989696,150.6833038330078,4186400,1.12,0.0
2021-07-05 00:00:00-04:00,151.31590018642993,157.26504518582487,150.03872686989774,157.00961303710938,2719900,0.0,0.0
2021-07-12 00:00:00-04:00,156.5646534379833,160.33848860536767,154.7024605693772,159.53099060058594,2796100,0.0,0.0
2021-07-19 00:00:00-04:00,158.68229809826732,162.42316714564774,156.70473571071594,162.2748565673828,3648100,0.0,0.0
2021-07-26 00:00:00-04:00,161.46732041109343,167.3999810273907,160.79164996394752,165.90032958984375,4469400,0.0,0.0
2021-08-02 00:00:00-04:00,166.51834681036567,172.57461326383802,166.31235152382519,171.43751525878906,2672700,0.0,0.0
2021-08-09 00:00:00-04:00,171.75064705080666,172.53342669312966,167.77905154597113,169.32814025878906,2847000,0.0,0.0
2021-08-16 00:00:00-04:00,169.53415764276247,171.66003097031842,167.5977964995553,170.6135711669922,2711600,0.0,0.0
2021-08-23 00:00:00-04:00,170.695976618389,171.82482702559489,167.18580807961408,168.83377075195312,2978400,0.0,0.0
2021-08-30 00:00:00-04:00,168.8337440125678,172.8382931750414,168.504156559482,171.73416137695312,5109500,0.0,0.0
2021-09-06 00:00:00-04:00,171.7012003875832,172.08022468528088,164.43368042640796,164.54080200195312,2303100,0.0,0.0
2021-09-13 00:00:00-04:00,165.76025733499986,166.4935999268322,159.4815260976725,159.7451934814453,5169100,0.0,0.0
2021-09-20 00:00:00-04:00,158.9542108783119,163.28834731595785,158.8141355878527,160.9976806640625,4031700,0.0,0.0
2021-09-27 00:00:00-04:00,161.17893626627045,161.8216404896935,156.40809144271418,159.87704467773438,3365400,1.12,0.0
2021-10-04 00:00:00-04:00,160.4442207487751,163.51087598959725,157.03774363870485,159.49935913085938,2397900,0.0,0.0
2021-10-11 00:00:00-04:00,158.71196168767418,168.135713202959,157.31124313820337,167.13282775878906,2750500,0.0,0.0
2021-10-18 00:00:00-04:00,165.87305001307936,173.85464053703112,165.5083643328287,172.59483337402344,2570700,0.0,0.0
2021-10-25 00:00:00-04:00,172.82684176141188,175.4625029916005,168.3014451710647,169.1965789794922,3220200,0.0,0.0
2021-11-01 00:00:00-04:00,169.22149649263386,173.91265728239586,167.29862568554205,170.92059326171875,2426700,0.0,0.0
2021-11-08 00:00:00-05:00,171.417831876824,172.2632254512847,168.10252724852268,170.36521911621094,2020500,0.0,0.0
2021-11-15 00:00:00-05:00,170.68847580342253,172.52017468918515,167.48920605023972,171.23550415039062,2805200,0.0,0.0
2021-11-22 00:00:00-05:00,170.97858976250077,175.05642671467803,168.17716517509564,169.45355224609375,2233700,0.0,0.0
2021-11-29 00:00:00-05:00,170.69680414780694,172.91806560107557,164.24025169342687,167.969970703125,4646700,0.0,0.0
2021-12-06 00:00:00-05:00,168.7822215464366,176.74724441492617,168.6081624234136,175.66148376464844,3231500,0.0,0.0
2021-12-13 00:00:00-05:00,175.4128146383933,181.98541441121208,173.47336394354983,178.50433349609375,4859700,0.0,0.0
2021-12-20 00:00:00-05:00,176.53174826019807,182.34181706000308,175.0481418482254,180.37750244140625,2708900,0.0,0.0
2021-12-27 00:00:00-05:00,180.71729857370022,186.44449190245825,180.09567878786393,184.79513549804688,2427400,1.15,0.0
2022-01-03 00:00:00-05:00,185.9172271369961,186.8919663902497,170.92954169793063,174.120361328125,9311600,0.0,0.0
2022-01-10 00:00:00-05:00,173.1622967006316,175.86157085890406,170.88789228144145,175.18675231933594,4790500,0.0,0.0
2022-01-17 00:00:00-05:00,174.62856266298428,175.10342977249934,163.18160210162708,163.7731170654297,3842100,0.0,0.0
2022-01-24 00:00:00-05:00,161.6903205497606,164.29796424333816,152.48443370589172,157.92465209960938,6318700,0.0,0.0
2022-01-31 00:00:00-05:00,158.04128851232093,165.82254881641748,157.5580821960636,158.79942321777344,5186600,0.0,0.0
2022-02-07 00:00:00-05:00,158.7744224057108,159.29928682181045,152.79267404949863,154.66717529296875,6027400,0.0,0.0
2022-02-14 00:00:00-05:00,154.87549272475653,156.31678542364713,152.23452960226518,154.63389587402344,3919300,0.0,0.0
2022-02-21 00:00:00-05:00,154.65885832501513,161.54035651720582,151.74296732136685,161.35707092285156,4473500,0.0,0.0
2022-02-28 00:00:00-05:00,159.04104481946473,162.8400454797789,155.6919443829093,162.17355346679688,5333900,0.0,0.0
2022-03-07 00:00:00-05:00,162.40684321914094,163.61485298672153,156.22515416497967,156.9832763671875,4611900,0.0,0.0
2022-03-14 00:00:00-04:00,158.08296229533244,163.49818893522524,156.0834990824367,162.989990234375,6529100,0.0,0.0
2022-03-21 00:00:00-04:00,162.35680252045202,163.49816141373074,157.50808661255795,162.45677185058594,3567200,0.0,0.0
2022-03-28 00:00:00-04:00,163.006658176535,171.77932443172114,162.17354637480963,171.59603881835938,4601300,1.15,0.0
2022-04-04 00:00:00-04:00,172.18159873062277,173.31272383621607,168.22686707032517,169.99476623535156,3804100,0.0,0.0
2022-04-11 00:00:00-04:00,169.9947717641218,169.9947717641218,163.66050165038234,164.3726806640625,3405800,0.0,0.0
2022-04-18 00:00:00-04:00,164.6324428998401,170.41371838161888,162.0015418068081,164.0375518798828,3513600,0.0,0.0
2022-04-25 00:00:00-04:00,163.97048598562378,164.20508760357288,152.24874079688323,152.6257781982422,5305500,0.0,0.0
2022-05-02 00:00:00-04:00,152.5252369244851,154.73720433405157,145.79716885435252,148.03427124023438,4359700,0.0,0.0
2022-05-09 00:00:00-04:00,146.41721788221938,147.03724389381676,133.85759041241528,139.46292114257812,6526400,0.0,0.0
2022-05-16 00:00:00-04:00,139.73941562353792,139.86509052217826,131.49480986709946,133.81570434570312,5358500,0.0,0.0
2022-05-23 00:00:00-04:00,135.24844792337697,141.70001927808937,131.92211593573785,141.25595092773438,4872200,0.0,0.0
2022-05-30 00:00:00-04:00,140.04939792807502,140.48509214247792,135.91872170166383,136.88226318359375,3522400,0.0,0.0
2022-06-06 00:00:00-04:00,137.9631126603478,138.3485241235345,122.53798601863451,122.57149505615234,4957600,0.0,0.0
2022-06-13 00:00:00-04:00,119.53006370404118,120.30089951589278,108.92266846094651,110.41407012939453,9873500,0.0,0.0
2022-06-20 00:00:00-04:00,111.34411591402935,120.71147316516898,109.17404402158061,120.25901794433594,6798200,0.0,0.0
2022-06-27 00:00:00-04:00,120.11659177240195,124.75836848235694,118.85979150111629,124.11322021484375,6074800,1.18,0.0
2022-07-04 00:00:00-04:00,124.04531248022586,128.6323939826249,122.3135413314745,123.63138580322266,3652700,0.0,0.0
2022-07-11 00:00:00-04:00,122.58388518742817,123.71586752182725,115.88489009337525,120.64092254638672,4878100,0.0,0.0
2022-07-18 00:00:00-04:00,121.62083010544724,128.30292500970518,119.29772612576981,126.9006118774414,6196400,0.0,0.0
2022-07-25 00:00:00-04:00,126.54583626955062,140.45066498275722,126.10655473295698,140.04518127441406,6038100,0.0,0.0
2022-08-01 00:00:00-04:00,138.70199525010761,139.85931940755518,133.89527937297817,134.97657775878906,4787900,0.0,0.0
2022-08-08 00:00:00-04:00,136.4126824777612,143.79593505230628,136.17614925021002,143.6861114501953,3673000,0.0,0.0
2022-08-15 00:00:00-04:00,143.39042140039192,145.16442023636128,136.8181504721761,137.8234100341797,5384100,0.0,0.0
2022-08-22 00:00:00-04:00,136.83504660377912,137.2658850522815,133.15187027061336,133.47288513183594,4037600,0.0,0.0
2022-08-29 00:00:00-04:00,132.76329912194404,132.97449041748413,126.61340962702415,127.04423522949219,4347900,0.0,0.0
2022-09-05 00:00:00-04:00,127.7200322658646,134.62176130151394,127.15404121900997,134.18247985839844,2431400,0.0,0.0
2022-09-12 00:00:00-04:00,134.80761929703814,136.0663239653437,124.60285510814943,127.2723159790039,3879900,0.0,0.0
2022-09-19 00:00:00-04:00,125.88690747245704,126.26704921559295,117.30409037232259,120.84365844726562,4014700,0.0,0.0
2022-09-26 00:00:00-04:00,120.36211856296241,120.36211856296241,115.58920127182843,118.4276123046875,5702000,1.18,0.0
2022-10-03 00:00:00-04:00,120.64369285210827,125.15016219318176,113.93937632618339,114.78274536132812,4244300,0.0,0.0
2022-10-10 00:00:00-04:00,115.04684585445806,116.32467084432902,110.03776773457729,112.06525421142578,4057300,0.0,0.0
2022-10-17 00:00:00-04:00,114.06715655835309,117.26171859414012,107.96767615768734,112.49118041992188,4016300,0.0,0.0
2022-10-24 00:00:00-04:00,113.28343149574457,124.28124742636659,111.11112659794915,124.13642883300781,5039400,0.0,0.0
2022-10-31 00:00:00-04:00,122.85009259099441,126.30873660161487,118.53103815496546,124.28976440429688,3454500,0.0,0.0
2022-11-07 00:00:00-05:00,125.1331404267778,131.40300218553003,121.47856670130864,128.61734008789062,3131300,0.0,0.0
2022-11-14 00:00:00-05:00,127.71436678145419,128.60033285925735,123.31864500754084,127.92733764648438,2942400,0.0,0.0
2022-11-21 00:00:00-05:00,127.71432944143758,131.48817882573601,126.0872293886341,131.292236328125,2175500,0.0,0.0
2022-11-28 00:00:00-05:00,130.32962525401817,134.35051530046132,126.28317974954861,130.61074829101562,4258300,0.0,0.0
2022-12-05 00:00:00-05:00,130.63628875034138,130.84925954191436,123.25897741056441,127.1520767211914,4068900,0.0,0.0
2022-12-12 00:00:00-05:00,127.69726627829164,133.00450713373294,122.50078737961933,123.43785095214844,4648500,0.0,0.0
2022-12-19 00:00:00-05:00,123.21638061233804,126.70910679247825,121.15482491042847,125.43128204345703,3906800,0.0,0.0
2022-12-26 00:00:00-05:00,125.42277745094361,125.91687133594334,122.03228548003699,124.09384155273438,3550400,1.21,0.0
2023-01-02 00:00:00-05:00,126.30930492146878,127.85574164924024,121.88477725286474,126.80760192871094,3307800,0.0,0.0
2023-01-09 00:00:00-05:00,126.8849128016475,134.34215496820775,124.94327059634001,133.6548614501953,2838100,0.0,0.0
2023-01-16 00:00:00-05:00,134.01570952355854,135.1841269883347,131.54141063125968,134.91778564453125,2255700,0.0,0.0
2023-01-23 00:00:00-05:00,135.09818864547756,138.2769669329263,133.92977135444266,138.0449981689453,3334400,0.0,0.0
2023-01-30 00:00:00-05:00,136.73051497743478,148.32876834209384,135.02944148788364,144.1533966064453,4385200,0.0,0.0
2023-02-06 00:00:00-05:00,142.2976911989537,144.9609860545844,140.2529578180299,142.34063720703125,3420900,0.0,0.0
2023-02-13 00:00:00-05:00,142.6757203283224,143.75821937055812,137.50375424129686,138.81822204589844,3198100,0.0,0.0
2023-02-20 00:00:00-05:00,137.77007566088236,138.0793629590697,130.02072004633635,130.3643798828125,3029600,0.0,0.0
2023-02-27 00:00:00-05:00,132.01390553665814,132.46064365259576,121.35210017342378,123.56865692138672,5965800,0.0,0.0
2023-03-06 00:00:00-05:00,124.33329934301953,125.82819031880206,108.36206863160263,108.93769073486328,7305300,0.0,0.0
2023-03-13 00:00:00-04:00,108.41361954954037,111.60098458925218,101.7897278679514,103.84304809570312,15443800,0.0,0.0
2023-03-20 00:00:00-04:00,103.84304201520881,106.89294948125868,98.75698760238497,102.9753189086914,8699500,0.0,0.0
2023-03-27 00:00:00-04:00,104.71075344307951,107.97544979688915,100.27764641547232,107.89812469482422,5704600,1.21,0.0
2023-04-03 00:00:00-04:00,108.1195521954669,110.01105894153143,105.98510072197618,107.92866516113281,3137700,0.0,0.0
2023-04-10 00:00:00-04:00,107.19980743084025,108.4232092879973,102.08059244263079,102.79207611083984,5024700,0.0,0.0
2023-04-17 00:00:00-04:00,102.85283002689327,109.23015530037131,102.85283002689327,107.9720458984375,4476500,0.0,0.0
2023-04-24 00:00:00-04:00,108.05880406565834,108.7789662992921,103.6250434211253,107.74644470214844,5953100,0.0,0.0
2023-05-01 00:00:00-04:00,107.55556801327887,108.27573031604167,102.12399258169317,107.27791595458984,3776100,0.0,0.0
2023-05-08 00:00:00-04:00,106.81805812058792,107.14776788015274,102.47974045382615,103.65108489990234,3214100,0.0,0.0
2023-05-15 00:00:00-04:00,104.00682343849792,107.31261916969112,100.43204752783247,100.47543334960938,4666400,0.0,0.0
2023-05-22 00:00:00-04:00,100.67500071525318,104.61419402928016,95.99829470717819,96.97875213623047,4384700,0.0,0.0
2023-05-29 00:00:00-04:00,97.48199321280376,100.90926802061269,96.2065268045652,100.10234069824219,4905600,0.0,0.0
2023-06-05 00:00:00-04:00,100.06763314281268,106.27142849790427,98.87893176352681,104.63153839111328,4000900,0.0,0.0
2023-06-12 00:00:00-04:00,104.36257736037865,107.52955084288591,98.69673507833792,100.17176055908203,6551000,0.0,0.0
2023-06-19 00:00:00-04:00,99.92881289653451,100.02425641989204,94.4104719994428,94.64474487304688,4855200,0.0,0.0
2023-06-26 00:00:00-04:00,94.7401738916292,100.9786695738272,94.7401738916292,98.47112274169922,6753800,1.24,0.0
2023-07-03 00:00:00-04:00,99.69112612714875,103.9900496680003,99.13840996796255,102.65650939941406,3589600,0.0,0.0
2023-07-10 00:00:00-04:00,101.98973462953282,105.42010225016969,101.2176857146871,104.90247344970703,4361900,0.0,0.0
2023-07-17 00:00:00-04:00,104.60418587031866,108.66622629336317,101.84059167567283,108.11351013183594,4523600,0.0,0.0
2023-07-24 00:00:00-04:00,107.91171612887507,113.84246904151274,107.1308920517156,110.99114990234375,5128100,0.0,0.0
2023-07-31 00:00:00-04:00,111.11397563784546,112.13167614606643,104.74455052314472,105.9377212524414,5881200,0.0,0.0
2023-08-07 00:00:00-04:00,106.09564522364033,109.22771683626533,105.51660351186699,107.1396713256836,3353300,0.0,0.0
2023-08-14 00:00:00-04:00,106.40269462549739,106.90277299023565,100.36666020805099,100.98078918457031,3940900,0.0,0.0
2023-08-21 00:00:00-04:00,100.77024531641608,104.49012710818606,99.22614078844364,101.19136047363281,3096700,0.0,0.0
2023-08-28 00:00:00-04:00,101.87568687172583,103.52506688359938,101.20891338032806,102.60386657714844,4102200,0.0,0.0
2023-09-04 00:00:00-04:00,102.23538811538597,103.209226134749,100.41931307534502,100.90184783935547,2725600,0.0,0.0
2023-09-11 00:00:00-04:00,100.90183694308486,101.10361931824092,96.7169644591459,99.77885437011719,5915300,0.0,0.0
2023-09-18 00:00:00-04:00,99.80518521811193,100.3754517570024,88.66307652138381,88.83854675292969,6817600,0.0,0.0
2023-09-25 00:00:00-04:00,88.15422901927288,89.74219611694305,85.15375166734525,87.82083892822266,7263300,1.24,0.0
2023-10-02 00:00:00-04:00,88.47402140333668,88.7938717861424,84.59139728780704,86.86588287353516,6673900,0.0,0.0
2023-10-09 00:00:00-04:00,86.21729658649011,91.12165750200546,86.07513785750352,87.85208129882812,5082000,0.0,0.0
2023-10-16 00:00:00-04:00,88.6694832223341,91.01504809637525,83.74734892163363,84.45812225341797,5606400,0.0,0.0
2023-10-23 00:00:00-04:00,83.72069666893812,85.88856314726596,81.05528139716489,81.43732452392578,7541700,0.0,0.0
2023-10-30 00:00:00-04:00,82.58345594174699,92.19672111038162,80.61105412401609,90.90843963623047,7272800,0.0,0.0
2023-11-06 00:00:00-05:00,90.62411858404313,90.9173158886554,83.62296362781093,84.9912109375,5057600,0.0,0.0
2023-11-13 00:00:00-05:00,84.40481565435223,96.50580324421568,82.77891073648594,92.15229034423828,6453000,0.0,0.0
2023-11-20 00:00:00-05:00,92.15228737066191,93.76041900580148,90.83734624983144,93.44945526123047,2564000,0.0,0.0
2023-11-27 00:00:00-05:00,92.76534390285495,105.32833461408806,91.52148202700474,104.96405792236328,8706400,0.0,0.0
2023-12-04 00:00:00-05:00,104.46651390132487,110.4103855218833,104.16442997019911,106.11907196044922,8233300,0.0,0.0
2023-12-11 00:00:00-05:00,105.6215230001414,120.34350015621752,103.19599883132868,115.62571716308594,10796500,0.0,0.0
2023-12-18 00:00:00-05:00,116.44310525012679,117.1183524558215,112.27617735686574,113.50226593017578,6042100,0.0,0.0
2023-12-25 00:00:00-05:00,113.72439222274775,115.4036034093816,112.5160700131009,112.6315689086914,3039400,1.27,0.0
2024-01-01 00:00:00-05:00,113.95545394957001,117.8676259871528,110.17787633698454,113.51578521728516,3742400,0.0,0.0
2024-01-08 00:00:00-05:00,113.51579779349453,117.00623736838156,112.4211063893475,113.28250122070312,3887000,0.0,0.0
2024-01-15 00:00:00-05:00,111.71224038796787,114.01826788760808,108.29357883661689,110.68035888671875,4103600,0.0,0.0
2024-01-22 00:00:00-05:00,111.29051276327328,111.92758575327646,107.84493374481832,111.57764434814453,5323300,0.0,0.0
2024-01-29 00:00:00-05:00,111.89168987109032,113.78496605151605,105.36841617696598,108.98448181152344,8128400,0.0,0.0
2024-02-05 00:00:00-05:00,106.92073101203741,107.24374806054533,103.00855882216736,104.26475524902344,6203300,0.0,0.0
2024-02-12 00:00:00-05:00,104.88388113711036,107.59369182066153,99.7693477679343,107.02839660644531,5651500,0.0,0.0
2024-02-19 00:00:00-05:00,105.92474051345422,110.54576341077518,105.49403971112993,109.40621185302734,4002500,0.0,0.0
2024-02-26 00:00:00-05:00,109.02038470272895,113.63243993590808,106.27468831567298,111.50586700439453,5867100,0.0,0.0
2024-03-04 00:00:00-05:00,111.49689974267758,114.84377687549859,109.720268228249,114.10800170898438,4255400,0.0,0.0
2024-03-11 00:00:00-04:00,113.95545913233902,115.18473805035606,108.84989345773603,111.03927612304688,5682700,0.0,0.0
2024-03-18 00:00:00-04:00,111.35333085843723,116.42300448452569,109.64848395155472,112.6364517211914,4268100,0.0,0.0
2024-03-25 00:00:00-04:00,113.12995692127262,116.33326468385125,111.20976311379722,115.66928100585938,4256800,1.27,0.0
2024-04-01 00:00:00-04:00,117.25417470378052,117.25417470378052,109.69348647647277,112.93896484375,3158800,0.0,0.0
2024-04-08 00:00:00-04:00,113.77299892447074,117.6802606583222,109.9110609287449,110.45499420166016,3358200,0.0,0.0
2024-04-15 00:00:00-04:00,111.96895057718736,112.27717689485603,103.94591580576807,104.87966918945312,4051200,0.0,0.0
2024-04-22 00:00:00-04:00,105.48706243234356,111.68791424522918,104.69835468428907,105.3782730102539,5440500,0.0,0.0
2024-04-29 00:00:00-04:00,106.96474582899552,110.87201439244704,104.25414012242864,109.24927520751953,4046400,0.0,0.0
2024-05-06 00:00:00-04:00,110.49126563732831,110.67258135290379,106.59307112503468,110.22836303710938,2669300,0.0,0.0
2024-05-13 00:00:00-04:00,111.0986643783345,115.28695710923864,108.81413478285285,112.5672836303711,3101500,0.0,0.0
2024-05-20 00:00:00-04:00,112.56728431571467,112.8211194019831,107.09167418161235,107.3364486694336,2628000,0.0,0.0
2024-05-27 00:00:00-04:00,108.06168751742891,108.7869365275407,103.14814587755856,107.88037872314453,4438200,0.0,0.0
2024-06-03 00:00:00-04:00,108.35178611810063,108.35178611810063,102.150934034202,103.79180145263672,4680000,0.0,0.0
2024-06-10 00:00:00-04:00,103.21159926787723,108.17953882029643,102.23251523020176,105.45079803466797,3681100,0.0,0.0
2024-06-17 00:00:00-04:00,104.88873286021732,105.75903441951533,103.91871630783021,105.66837310791016,4141000,0.0,0.0
2024-06-24 00:00:00-04:00,106.0672652081089,107.59935014105753,103.9549838222127,106.04006958007812,3791300,1.3,0.0
2024-07-01 00:00:00-04:00,106.61440904265062,108.84222781012974,105.2483823811151,107.08197784423828,2381300,0.0,0.0
2024-07-08 00:00:00-04:00,107.3570167028186,118.1110575458912,105.53259111201474,115.53485107421875,4609900,0.0,0.0
2024-07-15 00:00:00-04:00,115.56235769478447,119.312057086506,113.83877347046429,114.79224395751953,3710300,0.0,0.0
2024-07-22 00:00:00-04:00,114.96644160883467,115.85573656372708,105.09252572167055,109.02558898925781,6612500,0.0,0.0
2024-07-29 00:00:00-04:00,107.65955865252668,110.08907405713553,102.02125116493566,103.92819213867188,5850900,0.0,0.0
2024-08-05 00:00:00-04:00,101.61786239518457,107.51287238977604,99.57340726644105,104.1940689086914,4574700,0.0,0.0
2024-08-12 00:00:00-04:00,103.7631706566868,106.33937012153078,101.8012240117446,105.14753723144531,3641200,0.0,0.0
2024-08-19 00:00:00-04:00,105.29421864528535,112.04185054595459,104.61579027872034,111.11588287353516,3879200,0.0,0.0
2024-08-26 00:00:00-04:00,112.32605627851173,112.99532170783841,107.19199032194608,109.62150573730469,4641000,0.0,0.0
2024-09-02 00:00:00-04:00,108.90640475848328,110.34577693558099,105.8626365307207,106.61441040039062,3041300,0.0,0.0
2024-09-09 00:00:00-04:00,106.79777124306682,115.17730237773978,106.33937235388508,114.06797790527344,5936600,0.0,0.0
2024-09-16 00:00:00-04:00,114.4805382997633,115.17729955814184,109.80486414888298,111.16172790527344,6651900,0.0,0.0
2024-09-23 00:00:00-04:00,111.79433367867638,115.14981022084362,110.83169312445591,110.95087432861328,5270500,0.0,0.0
2024-09-30 00:00:00-04:00,108.9705754341072,110.3641048637077,103.54313471623588,105.34005737304688,7590600,1.3,0.0
2024-10-07 00:00:00-04:00,105.91858761664501,109.36610946521243,104.13922378208227,108.98613739013672,5444600,0.0,0.0
2024-10-14 00:00:00-04:00,108.68031996458437,114.08329159015402,108.31888686433459,112.86924743652344,6067300,0.0,0.0
2024-10-21 00:00:00-04:00,112.60975293152522,112.7858311840375,104.70455139950728,104.74161529541016,8599200,0.0,0.0
2024-10-28 00:00:00-04:00,105.55716760126411,106.3912467113246,102.44327697074779,102.73983764648438,6647100,0.0,0.0
2024-11-04 00:00:00-05:00,103.2866185997355,107.98525600771386,102.5915538525756,105.6869125366211,4752900,0.0,0.0
2024-11-11 00:00:00-05:00,105.64983883464362,106.28930064806538,97.21638820142961,97.8465805053711,5941900,0.0,0.0
2024-11-18 00:00:00-05:00,97.2349182085137,100.38587966531165,95.35361084373015,100.36734771728516,6377600,0.0,0.0
2024-11-25 00:00:00-05:00,101.31263437481019,104.18556716705176,101.31263437481019,102.1559829711914,4991000,0.0,0.0
2024-12-02 00:00:00-05:00,101.94282589692038,102.2393865621616,95.80771873844814,96.24329376220703,6416900,0.0,0.0
2024-12-09 00:00:00-05:00,97.28125411326411,99.33864670516192,93.96347699787152,95.14045715332031,5625400,0.0,0.0
2024-12-16 00:00:00-05:00,94.64000741369057,96.35449884139469,90.08964734234958,91.90608215332031,10892900,0.0,0.0
2024-12-23 00:00:00-05:00,91.22956012151238,93.02745598649054,90.02477849181787,91.14614868164062,3788700,0.0,0.0
2024-12-30 00:00:00-05:00,90.82179086103824,92.37873613005003,89.27411510146408,91.8968276977539,4621800,1.32,0.0
2025-01-06 00:00:00-05:00,93.21987749790702,94.25325167443111,88.8421192007611,89.23667907714844,6944800,0.0,0.0
2025-01-13 00:00:00-05:00,89.34941582703122,96.51728243390569,88.63544519866707,95.62482452392578,5649800,0.0,0.0
2025-01-20 00:00:00-05:00,96.08514267329085,97.2218549929398,93.10714374903944,95.4745101928711,3954300,0.0,0.0
2025-01-27 00:00:00-05:00,96.08514501354608,98.11432244393906,89.26486376223696,91.45374298095703,12267300,0.0,0.0
2025-02-03 00:00:00-05:00,90.41097389020004,91.95164248214385,88.11876366433029,90.14793395996094,5005500,0.0,0.0
2025-02-10 00:00:00-05:00,90.09157048181439,91.82012269374131,87.60207313617347,89.10516357421875,5397400,0.0,0.0
2025-02-17 00:00:00-05:00,88.81394848700073,90.27006454648608,88.81394848700073,89.78156280517578,4850500,0.0,0.0
2025-02-24 00:00:00-05:00,90.30763520006123,96.33879673323331,89.24607915455626,96.06636047363281,6549000,0.0,0.0
2025-03-03 00:00:00-05:00,96.3200030829344,97.22185732927124,92.590455298188,96.28242492675781,5488500,0.0,0.0
2025-03-10 00:00:00-04:00,96.63941478679735,98.77192320807491,90.64583141214933,93.15412139892578,5505600,0.0,0.0
2025-03-17 00:00:00-04:00,93.19170070711854,95.08935836213338,89.63125785561768,90.43916320800781,6891400,0.0,0.0
2025-03-24 00:00:00-04:00,90.97463235625679,92.31802100714835,89.10516384229182,89.80973815917969,4562000,0.0,0.0
2025-03-31 00:00:00-04:00,88.71059175626283,89.09575526957757,76.28189936043536,76.3570556640625,9507000,1.32,0.0
2025-04-07 00:00:00-04:00,75.27327745386368,78.78831908101084,68.17652079556436,73.2728500366211,16336400,0.0,0.0
2025-04-14 00:00:00-04:00,74.3207042365033,76.64501476696545,72.80609705052628,74.14923858642578,6626900,0.0,0.0
2025-04-21 00:00:00-04:00,72.84419459915127,76.25445150883812,70.9294962282999,72.28216552734375,6911300,0.0,0.0
2025-04-28 00:00:00-04:00,72.52031364033175,73.55863535882067,67.22394189022513,70.93902587890625,10686700,0.0,0.0
2025-05-05 00:00:00-04:00,70.49131034928865,71.17717291010555,67.96695791703435,70.55799102783203,8467800,0.0,0.0
2025-05-12 00:00:00-04:00,72.6346192816849,73.11091186713857,66.82385119267973,69.39582824707031,10565000,0.0,0.0
2025-05-19 00:00:00-04:00,68.58613994489019,70.86281817553784,64.17567272867656,64.61386108398438,8185800,0.0,0.0
2025-05-26 00:00:00-04:00,65.88079971505712,68.53850618060451,64.8139016132528,66.8619613647461,7417300,0.0,0.0
2025-06-02 00:00:00-04:00,66.68096777026966,67.97648429693251,65.06157574576545,67.18583679199219,7447300,0.0,0.0
2025-06-09 00:00:00-04:00,67.61450684064006,70.91997168031723,67.25251978043667,68.69092559814453,6716400,0.0,0.0
2025-06-16 00:00:00-04:00,69.37678898248379,69.69114387499118,67.47161838689823,67.98601531982422,8112500,0.0,0.0
2025-06-23 00:00:00-04:00,68.24321372595354,72.20597226074912,67.83360173574773,69.89118957519531,10963800,0.0,0.0
2025-06-30 00:00:00-04:00,68.84332751209584,73.53005210417477,67.61449902986612,73.2728500366211,6028200,1.32,0.0
2025-07-07 00:00:00-04:00,74.29514900289394,77.60297955897785,72.29687464750525,77.16646575927734,8074900,0.0,0.0
2025-07-14 00:00:00-04:00,77.35076264161665,77.95218835735281,74.70256528532543,75.82780456542969,7901900,0.0,0.0
2025-07-21 00:00:00-04:00,76.526230392467,80.86229764961824,75.56589568341617,79.72735595703125,10116700,0.0,0.0
2025-07-28 00:00:00-04:00,79.29083762588144,79.29083762588144,72.47147738258441,73.73252868652344,8098000,0.0,0.0
2025-08-04 00:00:00-04:00,73.84892742337888,76.17701812211686,71.3074347629401,71.98645782470703,8309100,0.0,0.0
2025-08-11 00:00:00-04:00,72.07376717682217,74.01384158372672,69.40616486732843,73.81012725830078,8430800,0.0,0.0
2025-08-18 00:00:00-04:00,73.94593976806085,78.98042785497053,73.72282795343024,78.50511169433594,5691700,0.0,0.0
2025-08-25 00:00:00-04:00,78.26260392586151,80.21238082822785,77.26346676419418,79.9698715209961,5343700,0.0,0.0
2025-09-01 00:00:00-04:00,78.95132677220647,82.98668505902008,77.85518740526547,82.16214752197266,3957700,0.0,0.0
2025-09-08 00:00:00-04:00,81.26971513391878,83.22919441518091,80.6876942962119,82.37555694580078,6970500,0.0,0.0
2025-09-15 00:00:00-04:00,83.20009215578004,85.59608536121993,82.08455523248672,83.60751342773438,8767500,0.0,0.0
2025-09-22 00:00:00-04:00,83.40379989426678,84.91705552502509,80.13477193724019,81.33761596679688,5475000,0.0,0.0
2025-09-29 00:00:00-04:00,81.8129371311712,82.81208170335462,79.02893499357872,81.28912353515625,7178400,1.32,0.0
2025-10-06 00:00:00-04:00,82.88584114670584,83.07307824171957,71.83899538962751,72.84414672851562,13920500,0.0,0.0
2025-10-13 00:00:00-04:00,72.80472944303517,77.3969102556533,71.77001591456319,73.89857482910156,7625400,0.0,0.0
2025-10-20 00:00:00-04:00,74.17449498509242,77.36734448585705,74.14493281684807,76.28335571289062,6684500,0.0,0.0
2025-10-27 00:00:00-04:00,76.79578919544434,76.86477009864484,54.21922674376075,57.37265396118164,32417100,0.0,0.0
2025-11-03 00:00:00-05:00,56.01273405832649,57.254393993381285,52.169494302702084,54.800636291503906,15657400,0.0,0.0
2025-11-10 00:00:00-05:00,55.05685107374658,55.52986456609676,50.87856334506472,51.52895736694336,11234100,0.0,0.0
2025-11-17 00:00:00-05:00,51.57823105281848,51.7753209559816,47.951790367655164,50.14933395385742,14055600,0.0,0.0
2025-11-24 00:00:00-05:00,50.25773195876289,53.65752046074992,49.863552165219396,52.88887023925781,8148500,0.0,0.0
2025-12-01 00:00:00-05:00,52.09066412478419,53.38159568061227,44.80822046902017,44.81807327270508,22253400,0.0,0.0
2025-12-08 00:00:00-05:00,45.2319615187072,46.503183681762955,43.458156157834594,45.96118927001953,16779400,0.0,0.0
2025-12-15 00:00:00-05:00,46.71012976391822,48.454365422522415,45.06443341685466,47.24226760864258,18505000,0.0,0.0
2025-12-22 00:00:00-05:00,47.39993917229035,48.12917068288157,46.946635028527346,47.892662048339844,6549700,0.0,0.0
2025-12-29 00:00:00-05:00,48.27698780801927,49.35112380055496,47.39993795349393,48.25727844238281,8031500,0.72,0.0
2026-01-05 00:00:00-05:00,48.720001220703125,54.2400016784668,48.65999984741211,53.970001220703125,14043500,0.0,0.0
2026-01-12 00:00:00-05:00,53.970001220703125,58.220001220703125,53.150001525878906,57.88999938964844,10714200,0.0,0.0
2026-01-19 00:00:00-05:00,56.91999816894531,59.7599983215332,56.0099983215332,59.689998626708984,11786300,0.0,0.0
2026-01-26 00:00:00-05:00,59.5,59.75,53.13999938964844,54.63999938964844,19936700,0.0,0.0
2026-02-02 00:00:00-05:00,54.560001373291016,56.52000045776367,53.13999938964844,55.900001525878906,11642500,0.0,0.0
2026-02-09 00:00:00-05:00,55.599998474121094,57.31999969482422,50.099998474121094,52.4900016784668,10712500,0.0,0.0
2026-02-16 00:00:00-05:00,54.0,55.02000045776367,52.22999954223633,53.650001525878906,6468500,0.0,0.0
2026-02-23 00:00:00-05:00,53.36000061035156,55.27000045776367,52.5,54.040000915527344,21892106,0.0,0.0
