Date,Open,High,Low,Close,Volume,Dividends,Stock Splits,Capital Gains
2021-03-01 00:00:00+01:00,116.60749672576861,117.26433173235242,114.21732333801245,114.2355728149414,519,0.0,0.0,0.0
2021-03-08 00:00:00+01:00,115.07485788556247,117.88467851907181,114.74643693046991,117.22783660888672,523,0.0,0.0,0.0
2021-03-15 00:00:00+01:00,117.86644222180766,118.88820415204013,117.24609919298135,117.72047424316406,436,0.0,0.0,0.0
2021-03-22 00:00:00+01:00,117.48328193467285,118.21310787790287,116.37030050330827,118.01240539550781,1036,0.0,0.0,0.0
2021-03-29 00:00:00+02:00,118.28608095999225,120.12887424443599,118.14011300074796,119.8552017211914,317,0.0,0.0,0.0
2021-04-05 00:00:00+02:00,119.8552072770274,123.15765246645589,119.74572434238377,120.36608123779297,1176,0.0,0.0,0.0
2021-04-12 00:00:00+02:00,119.9646599685718,121.8074670079698,119.9646599685718,121.67974853515625,1191,0.0,0.0,0.0
2021-04-19 00:00:00+02:00,121.89870875823982,121.89870875823982,119.43555837903752,120.89521026611328,1388,0.0,0.0,0.0
2021-04-26 00:00:00+02:00,120.8404845516862,121.93521658653631,120.6397820545985,120.80398559570312,314,0.0,0.0,0.0
2021-05-03 00:00:00+02:00,121.05940369460404,121.47905810121263,119.47204736414362,121.00466918945312,1824,0.0,0.0,0.0
2021-05-10 00:00:00+02:00,121.07765373193521,121.16888718779097,116.97239878330343,118.94292449951172,402,0.0,0.0,0.0
2021-05-17 00:00:00+02:00,119.47205345653697,120.12888147211346,117.19135615713988,119.43555450439453,1071,0.0,0.0,0.0
2021-05-24 00:00:00+02:00,119.43556264004445,121.47907257080078,119.43556264004445,121.47907257080078,651,0.0,0.0,0.0
2021-05-31 00:00:00+02:00,121.4790556419743,122.37308502197266,121.04115176909009,122.37308502197266,860,0.0,0.0,0.0
2021-06-07 00:00:00+02:00,122.51907045330205,123.72327147480055,122.1541505071869,123.46783447265625,499,0.0,0.0,0.0
2021-06-14 00:00:00+02:00,123.79624623061879,124.41660313260863,123.139404296875,123.139404296875,263,0.0,0.0,0.0
2021-06-21 00:00:00+02:00,122.77449461402463,124.58080291748047,122.22712171223989,124.58080291748047,471,0.0,0.0,0.0
2021-06-28 00:00:00+02:00,125.01870526450331,126.35063869990599,124.5808152518839,125.5843276977539,1259,0.0,0.0,0.0
2021-07-05 00:00:00+02:00,125.60254680240625,126.51482566269196,123.96045599010854,125.65729522705078,867,0.0,0.0,0.0
2021-07-12 00:00:00+02:00,125.34711976309102,126.84325665564816,125.34711976309102,125.47483825683594,834,0.0,0.0,0.0
2021-07-19 00:00:00+02:00,124.63554445647848,126.69730377197266,122.81098657460225,126.69730377197266,526,0.0,0.0,0.0
2021-07-26 00:00:00+02:00,126.44185317189847,126.62430615639242,124.78149899638153,125.7850112915039,349,0.0,0.0,0.0
2021-08-02 00:00:00+02:00,126.69730165251488,127.48186208540801,125.98572520410852,127.18992614746094,983,0.0,0.0,0.0
2021-08-09 00:00:00+02:00,127.42712597666981,128.75905946185102,127.00748542563909,128.19345092773438,2256,0.0,0.0,0.0
2021-08-16 00:00:00+02:00,127.55483760312671,127.93799305604558,125.03693902641594,126.3871078491211,1121,0.0,0.0,0.0
2021-08-23 00:00:00+02:00,126.89801639846117,128.4306384600442,126.40537793561445,128.19345092773438,807,0.0,0.0,0.0
2021-08-30 00:00:00+02:00,128.32114889543217,129.5983337423416,128.10219695584593,129.30641174316406,1208,0.0,0.0,0.0
2021-09-06 00:00:00+02:00,129.92675708927948,130.1457090329063,128.50360425638277,129.1604461669922,418,0.0,0.0,0.0
2021-09-13 00:00:00+02:00,129.37941511319494,129.6348521208593,128.21168518066406,128.21168518066406,426,0.0,0.0,0.0
2021-09-20 00:00:00+02:00,126.97097250505075,128.95974777511358,125.43835061203045,128.10220336914062,2375,0.0,0.0,0.0
2021-09-27 00:00:00+02:00,128.9779835489519,128.9779835489519,125.40185225821367,125.98571014404297,453,0.0,0.0,0.0
2021-10-04 00:00:00+02:00,125.85799765151974,127.299386000493,124.2341284740578,126.89799499511719,1207,0.0,0.0,0.0
2021-10-11 00:00:00+02:00,126.89800501658361,129.90851435613877,126.40536659792316,129.58009338378906,1258,0.0,0.0,0.0
2021-10-18 00:00:00+02:00,129.12393882489462,130.45587203492533,128.86850186739892,129.63482666015625,876,0.0,0.0,0.0
2021-10-25 00:00:00+02:00,130.07271740708256,131.40463670512096,129.52534454032116,130.4193878173828,257,0.0,0.0,0.0
2021-11-01 00:00:00+01:00,131.56888668788596,132.24397820122965,129.67134457927207,131.09449768066406,1798,1.65,0.0,0.0
2021-11-08 00:00:00+01:00,133.0960287522328,133.81586469091883,131.7486352289867,133.53900146484375,952,0.0,0.0,0.0
2021-11-15 00:00:00+01:00,134.2219513579104,135.07098840004943,133.18834349475873,134.36961364746094,453,0.0,0.0,0.0
2021-11-22 00:00:00+01:00,134.90484284419367,135.03405788790513,129.0169543457626,129.03541564941406,1025,0.0,0.0,0.0
2021-11-29 00:00:00+01:00,130.01367275049418,130.47510683710797,127.94644297299811,128.14947509765625,1225,0.0,0.0,0.0
2021-12-06 00:00:00+01:00,128.70320481979567,132.4131248290602,128.03873859207792,130.82579040527344,1100,0.0,0.0,0.0
2021-12-13 00:00:00+01:00,132.02551720818687,132.11780965727084,129.05388059537202,130.1982421875,3527,0.0,0.0,0.0
2021-12-20 00:00:00+01:00,127.94644078657107,132.06243896484375,127.94644078657107,132.06243896484375,271,0.0,0.0,0.0
2021-12-27 00:00:00+01:00,131.6010042089253,134.03737556880085,131.6010042089253,133.00375366210938,1305,0.0,0.0,0.0
2022-01-03 00:00:00+01:00,133.79741915626383,134.31422306219346,131.0657373443929,131.10264587402344,1887,0.0,0.0,0.0
2022-01-10 00:00:00+01:00,131.71173084993572,132.6345989113384,129.77370228825052,130.58583068847656,835,0.0,0.0,0.0
2022-01-17 00:00:00+01:00,131.49025148873585,131.52717410097074,128.86930929408257,129.2569122314453,622,0.0,0.0,0.0
2022-01-24 00:00:00+01:00,128.27866739912994,128.79547128807363,124.42108545533613,126.91282653808594,2708,0.0,0.0,0.0
2022-01-31 00:00:00+01:00,128.50016685489578,130.4197343053735,126.06379549118378,126.61750793457031,2292,0.0,0.0,0.0
2022-02-07 00:00:00+01:00,127.33734148879604,129.29383151318035,126.61750546911463,127.70649719238281,650,0.0,0.0,0.0
2022-02-14 00:00:00+01:00,126.67286779614618,128.37095576829725,125.86075346009066,126.30372619628906,301,0.0,0.0,0.0
2022-02-21 00:00:00+01:00,126.61751180438729,126.61751180438729,122.18774171265534,125.25167083740234,1286,0.0,0.0,0.0
2022-02-28 00:00:00+01:00,124.95633746971727,127.48500118099074,124.64256568942895,124.77176666259766,3113,0.0,0.0,0.0
2022-03-07 00:00:00+01:00,124.84560211401008,126.34064400972291,123.84890282291803,124.82714080810547,409,0.0,0.0,0.0
2022-03-14 00:00:00+01:00,125.91612400674303,129.49685668945312,121.96624972208014,129.49685668945312,795,0.0,0.0,0.0
2022-03-21 00:00:00+01:00,128.64782089927658,131.54562647165915,128.64782089927658,130.82579040527344,1266,0.0,0.0,0.0
2022-03-28 00:00:00+02:00,131.01037099522554,131.822485405361,130.5304756061564,130.77041625976562,2254,0.0,0.0,0.0
2022-04-04 00:00:00+02:00,131.5825465913818,132.89301771513956,129.533778108392,130.78887939453125,2873,0.0,0.0,0.0
2022-04-11 00:00:00+02:00,130.65967810401764,130.65967810401764,128.62937093231585,130.21670532226562,2711,0.0,0.0,0.0
2022-04-18 00:00:00+02:00,130.21671362300836,130.65968643299794,128.26022338867188,128.26022338867188,447,0.0,0.0,0.0
2022-04-25 00:00:00+02:00,125.9715033540475,128.90621733223816,125.27012862461936,128.31558227539062,913,0.0,0.0,0.0
2022-05-02 00:00:00+02:00,127.35580376962048,128.70319745479148,123.95965576171875,123.95965576171875,829,0.0,0.0,0.0
2022-05-09 00:00:00+02:00,123.97810081582948,123.97810081582948,120.0282263583621,123.8488998413086,759,0.0,0.0,0.0
2022-05-16 00:00:00+02:00,124.14421815887437,125.08553346225828,121.20949033968215,122.64916229248047,972,0.0,0.0,0.0
2022-05-23 00:00:00+02:00,124.0519336322156,125.75000762939453,121.35716035447066,125.75000762939453,358,0.0,0.0,0.0
2022-05-30 00:00:00+02:00,127.1158570990481,127.1158570990481,125.60235397908907,125.86075592041016,727,0.0,0.0,0.0
2022-06-06 00:00:00+02:00,126.94973229692057,127.09739457106869,122.372314453125,122.372314453125,707,0.0,0.0,0.0
2022-06-13 00:00:00+02:00,121.57864860990496,121.57864860990496,116.2813806444157,116.85356140136719,1927,0.0,0.0,0.0
2022-06-20 00:00:00+02:00,117.40727904768076,118.90232084106633,115.98606135008512,118.42243957519531,659,0.0,0.0,0.0
2022-06-27 00:00:00+02:00,118.93925017455942,119.64062489022646,115.76458152559758,116.724365234375,525,0.0,0.0,0.0
2022-07-04 00:00:00+02:00,117.16733118871208,120.58194732666014,109.82130207940409,120.58194732666016,791,0.0,0.0,0.0
2022-07-11 00:00:00+02:00,119.86212075195634,120.84035874539944,117.46265791072376,118.82849884033203,945,0.0,0.0,0.0
2022-07-18 00:00:00+02:00,120.23125616247458,122.79682837998158,118.99461627555966,122.40922546386719,1229,0.0,0.0,0.0
2022-07-25 00:00:00+02:00,121.37562502730951,125.41777801513672,121.37562502730951,125.41777801513672,1311,0.0,0.0,0.0
2022-08-01 00:00:00+02:00,125.4177800061341,126.32220096129997,123.8673682233084,125.8053970336914,1354,0.0,0.0,0.0
2022-08-08 00:00:00+02:00,126.34064368664396,127.6326675415039,124.32879788555042,127.6326675415039,462,0.0,0.0,0.0
2022-08-15 00:00:00+02:00,128.72163737286536,130.3828027528172,127.61419848018065,128.389404296875,3268,0.0,0.0,0.0
2022-08-22 00:00:00+02:00,128.09409524239842,128.66626895885884,126.21143643041637,126.70979309082031,412,0.0,0.0,0.0
2022-08-29 00:00:00+02:00,125.86075797068422,125.86075797068422,121.67092884471926,123.07369232177734,623,0.0,0.0,0.0
2022-09-05 00:00:00+02:00,117.01968829118125,122.15083312988281,117.01968829118125,122.15083312988281,835,0.0,0.0,0.0
2022-09-12 00:00:00+02:00,122.61225721620623,123.77506596115168,118.18248748779297,118.18248748779297,938,0.0,0.0,0.0
2022-09-19 00:00:00+02:00,118.01637854356235,119.216102934911,115.2662353515625,115.2662353515625,658,0.0,0.0,0.0
2022-09-26 00:00:00+02:00,114.91553104817739,116.04143124040431,112.16538809296138,114.49101257324219,611,0.0,0.0,0.0
2022-10-03 00:00:00+02:00,114.52793652060592,118.69929747931224,113.45741312308449,115.3400650024414,745,0.0,0.0,0.0
2022-10-10 00:00:00+02:00,110.74417681580078,116.39213236813967,110.74417681580078,114.38027954101562,330,0.0,0.0,0.0
2022-10-17 00:00:00+02:00,115.52463735365404,115.56155292522175,111.68550240171726,113.01443481445312,2055,2.05,0.0,0.0
2022-10-24 00:00:00+02:00,115.32180974947724,118.26819223711506,114.83386969225089,117.40492248535156,175,0.0,0.0,0.0
2022-10-31 00:00:00+01:00,118.08052187779037,120.06980221777542,116.48534917689412,118.23065948486328,264,0.0,0.0,0.0
2022-11-07 00:00:00+01:00,118.60599388367382,122.95987701416016,118.47462705968718,122.95987701416016,394,0.0,0.0,0.0
2022-11-14 00:00:00+01:00,123.05371681729753,124.38615583953128,121.60868175084713,123.01618957519531,203,0.0,0.0,0.0
2022-11-21 00:00:00+01:00,123.20385825533296,124.79903097565017,120.83924102783203,120.83924102783203,1709,0.0,0.0,0.0
2022-11-28 00:00:00+01:00,119.63816677062982,125.62477138370711,119.58186874772103,123.05371856689453,318,0.0,0.0,0.0
2022-12-05 00:00:00+01:00,123.0912518802411,123.0912518802411,118.30573356414608,120.70787811279297,833,0.0,0.0,0.0
2022-12-12 00:00:00+01:00,119.97596612965573,121.34594669602386,116.31644439697266,116.31644439697266,555,0.0,0.0,0.0
2022-12-19 00:00:00+01:00,117.29232851375515,119.75077829662747,115.80975176319194,116.5041275024414,1172,0.0,0.0,0.0
2022-12-26 00:00:00+01:00,116.50412383875775,118.41832828002566,115.56578524015546,116.57918548583984,638,0.0,0.0,0.0
2023-01-02 00:00:00+01:00,118.02422064371964,119.30036163330078,116.18507796084211,119.30036163330078,649,0.0,0.0,0.0
2023-01-09 00:00:00+01:00,120.23869523859622,122.32180786132812,119.60062477000226,122.32180786132812,5,0.0,0.0,0.0
2023-01-16 00:00:00+01:00,123.03495707353815,124.08590607950049,121.36471545092361,122.3593521118164,351,0.0,0.0,0.0
2023-01-23 00:00:00+01:00,122.8848262034733,124.55506772319315,122.50948218235567,124.4049301147461,1312,0.0,0.0,0.0
2023-01-30 00:00:00+01:00,123.07248697214891,125.79366302490234,122.52824889801624,125.79366302490234,337,0.0,0.0,0.0
2023-02-06 00:00:00+01:00,124.66767440144523,126.15025119598626,123.6354961527421,124.59260559082031,561,0.0,0.0,0.0
2023-02-13 00:00:00+01:00,124.16096990659997,125.58723426375387,123.11002094280519,124.12342834472656,5896,0.0,0.0,0.0
2023-02-20 00:00:00+01:00,126.35667854479215,126.35667854479215,122.65962219238281,122.65962219238281,647,0.0,0.0,0.0
2023-02-27 00:00:00+01:00,123.86068899651967,125.21189880371094,122.75345637657185,125.21189880371094,590,0.0,0.0,0.0
2023-03-06 00:00:00+01:00,125.38079806079743,125.71860052657858,122.1904525756836,122.1904525756836,1902,0.0,0.0,0.0
2023-03-13 00:00:00+01:00,120.16364144301629,121.8151265784584,119.31914241178237,120.59528350830078,1678,0.0,0.0,0.0
2023-03-20 00:00:00+01:00,119.9571964389544,121.15826863394967,119.24406429752283,120.23870086669922,368,0.0,0.0,0.0
2023-03-27 00:00:00+02:00,121.13951638998965,125.17436082915586,120.25747583403447,124.61136627197266,477,0.0,0.0,0.0
2023-04-03 00:00:00+02:00,125.28697365132028,125.28697365132028,122.32182024445787,122.86605834960938,522,0.0,0.0,0.0
2023-04-10 00:00:00+02:00,122.86605314432539,124.34862978494648,122.77221356130869,123.8419189453125,143,0.0,0.0,0.0
2023-04-17 00:00:00+02:00,124.8178012454144,125.34326855650622,123.35399535939852,123.67302703857422,507,0.0,0.0,0.0
2023-04-24 00:00:00+02:00,123.6167277673032,123.71055303310241,121.98401350896627,123.52288818359375,240,0.0,0.0,0.0
2023-05-01 00:00:00+02:00,123.52288518186229,124.40492570281981,122.07785012606008,123.33522033691406,351,0.0,0.0,0.0
2023-05-08 00:00:00+02:00,123.84191719554366,124.42369682978898,123.11001427566688,123.80438995361328,649,0.0,0.0,0.0
2023-05-15 00:00:00+02:00,124.74273845234211,126.46927807710195,123.6542622166805,125.77490234375,408,0.0,0.0,0.0
2023-05-22 00:00:00+02:00,125.58723008506351,125.83120727539062,123.41029205989297,125.83120727539062,770,0.0,0.0,0.0
2023-05-29 00:00:00+02:00,125.51216611981916,126.7883071899414,123.86069533644773,126.7883071899414,1857,0.0,0.0,0.0
2023-06-05 00:00:00+02:00,127.14487888789239,127.42638332834808,125.88750861415569,126.48804473876953,183,0.0,0.0,0.0
2023-06-12 00:00:00+02:00,127.91432200721657,128.72127944024857,127.1636482801684,128.32717895507812,321,0.0,0.0,0.0
2023-06-19 00:00:00+02:00,127.91432873652562,128.1770624071278,125.1931381225586,125.1931381225586,395,0.0,0.0,0.0
2023-06-26 00:00:00+02:00,125.39956619994354,126.91967010498047,125.06176374127861,126.91967010498047,223,0.0,0.0,0.0
2023-07-03 00:00:00+02:00,127.65157970534273,127.80171732100654,125.00547223934562,125.09931182861328,455,0.0,0.0,0.0
2023-07-10 00:00:00+02:00,125.2118973710935,127.25746852064076,124.91162216497102,126.63817596435547,376,0.0,0.0,0.0
2023-07-17 00:00:00+02:00,126.4317390699644,127.97061369111358,126.0563950660806,127.48267364501953,379,0.0,0.0,0.0
2023-07-24 00:00:00+02:00,127.06980426580967,130.5604248046875,127.06980426580967,130.5604248046875,602,0.0,0.0,0.0
2023-07-31 00:00:00+02:00,129.65962594377285,130.95453784412217,127.57652734282283,128.064453125,198,0.0,0.0,0.0
2023-08-07 00:00:00+02:00,127.91431872155518,128.40224446137952,126.67570495605469,126.67570495605469,334,0.0,0.0,0.0
2023-08-14 00:00:00+02:00,126.2253079766112,127.50144899978801,124.02958484935434,124.25479125976562,1228,0.0,0.0,0.0
2023-08-21 00:00:00+02:00,124.40493476000968,127.25747783746525,124.29233870842528,125.94380950927734,863,0.0,0.0,0.0
2023-08-28 00:00:00+02:00,127.05102442987581,129.62207701881556,126.50680071138542,128.94647216796875,909,0.0,0.0,0.0
2023-09-04 00:00:00+02:00,129.77222984611078,129.77222984611078,127.4826813959004,128.21458435058594,631,0.0,0.0,0.0
2023-09-11 00:00:00+02:00,128.30842173329523,130.80439145794148,127.80171088542355,129.69715881347656,155,0.0,0.0,0.0
2023-09-18 00:00:00+02:00,129.84728750487506,129.84728750487506,126.15023148719072,126.56310272216797,673,0.0,0.0,0.0
2023-09-25 00:00:00+02:00,127.0510447860549,127.59528290965231,124.5926021569694,126.97599029541016,124,0.0,0.0,0.0
2023-10-02 00:00:00+02:00,127.05104312895767,127.05104312895767,123.95453714440022,125.30573272705078,588,0.0,0.0,0.0
2023-10-09 00:00:00+02:00,125.84997710273986,127.38885193982456,125.71861026242452,126.46928405761719,273,0.0,0.0,0.0
2023-10-16 00:00:00+02:00,126.581874042586,126.60064482399098,123.31645965576172,123.31645965576172,675,0.0,0.0,0.0
2023-10-23 00:00:00+02:00,122.64085446850446,123.37275744486979,117.32986161503577,117.87409973144531,713,4.14,0.0,0.0
2023-10-30 00:00:00+01:00,122.04372547786869,126.92779364603686,121.48166749094088,126.50140380859375,2316,0.0,0.0,0.0
2023-11-06 00:00:00+01:00,125.08658290880115,126.17192812181788,124.1369058474115,124.6214370727539,762,0.0,0.0,0.0
2023-11-13 00:00:00+01:00,125.20286941536624,127.72243777718306,124.71833817553377,127.02471160888672,384,0.0,0.0,0.0
2023-11-20 00:00:00+01:00,126.86964593962857,128.43952227491755,126.52078288881785,127.4898452758789,425,0.0,0.0,0.0
2023-11-27 00:00:00+01:00,127.04408393288153,129.04035006980962,126.75336226153739,128.80776977539062,291,0.0,0.0,0.0
2023-12-04 00:00:00+01:00,128.80778643322913,128.80778643322913,127.08285635669044,128.45892333984375,12,0.0,0.0,0.0
2023-12-11 00:00:00+01:00,127.25728564366311,133.05227484563963,127.25728564366311,132.62588500976562,2290,0.0,0.0,0.0
2023-12-18 00:00:00+01:00,131.59868809845108,132.1219753329143,130.59085483595305,130.88157653808594,379,0.0,0.0,0.0
2023-12-25 00:00:00+01:00,130.881564354719,133.34299111203478,130.881564354719,132.68402099609375,886,0.0,0.0,0.0
2024-01-01 00:00:00+01:00,132.6840219646441,133.4786602298562,130.82342393201722,131.1722869873047,433,0.0,0.0,0.0
2024-01-08 00:00:00+01:00,130.00942433415568,132.16074419735165,129.7768440184762,131.79249572753906,431,0.0,0.0,0.0
2024-01-15 00:00:00+01:00,132.66464971865415,132.66464971865415,129.8543743964051,131.30796813964844,1184,0.0,0.0,0.0
2024-01-22 00:00:00+01:00,131.07538180917948,133.5755647073592,131.07538180917948,133.26547241210938,447,0.0,0.0,0.0
2024-01-29 00:00:00+01:00,133.3429937555401,135.22296241326634,133.3429937555401,133.7112274169922,934,0.0,0.0,0.0
2024-02-05 00:00:00+01:00,133.7112251208915,135.86254482071408,133.7112251208915,135.1842041015625,259,0.0,0.0,0.0
2024-02-12 00:00:00+01:00,134.99039811627088,136.1920260540418,134.15700384327536,136.0369873046875,129,0.0,0.0,0.0
2024-02-19 00:00:00+01:00,135.9013177628726,137.58747689353248,134.1570024667426,136.77346801757812,284,0.0,0.0,0.0
2024-02-26 00:00:00+01:00,136.77346616202993,138.82787371253457,136.1145108294978,138.07200622558594,576,0.0,0.0,0.0
2024-03-04 00:00:00+01:00,138.886026749996,138.886026749996,136.46337081132083,137.21923828125,3715,0.0,0.0,0.0
2024-03-11 00:00:00+01:00,136.83160175727267,138.69219970703125,136.40521195461002,138.69219970703125,961,0.0,0.0,0.0
2024-03-18 00:00:00+01:00,139.35117426094362,140.64971431120503,137.91696606791933,140.1457977294922,192,0.0,0.0,0.0
2024-03-25 00:00:00+01:00,139.85508905422284,141.38619459437342,139.54498199660557,140.66909790039062,344,0.0,0.0,0.0
2024-04-01 00:00:00+02:00,140.66910470993898,143.07237537593755,138.96354538391753,139.31240844726562,797,0.0,0.0,0.0
2024-04-08 00:00:00+02:00,140.47529237934847,142.87856299738343,139.97137578974284,141.34744262695312,47,0.0,0.0,0.0
2024-04-15 00:00:00+02:00,142.25835826439783,142.7041186721275,137.29674889626787,137.95571899414062,878,0.0,0.0,0.0
2024-04-22 00:00:00+02:00,137.89758067989075,140.1457977294922,137.64561499567506,140.1457977294922,139,0.0,0.0,0.0
2024-04-29 00:00:00+02:00,141.48311217028765,141.61878031651642,140.04890394062357,140.6109619140625,365,0.0,0.0,0.0
2024-05-06 00:00:00+02:00,140.1070548707269,143.71196847252128,140.1070548707269,142.7816619873047,1127,0.0,0.0,0.0
2024-05-13 00:00:00+02:00,142.62661224106108,144.5065958646959,142.49094408196993,144.40969848632812,98,0.0,0.0,0.0
2024-05-20 00:00:00+02:00,145.12679130651446,145.72762009753126,143.22743713118635,143.73135375976562,520,0.0,0.0,0.0
2024-05-27 00:00:00+02:00,143.80886189969212,144.52597343707987,141.7156982421875,141.7156982421875,122,0.0,0.0,0.0
2024-06-03 00:00:00+02:00,144.19649193597178,145.01050082494174,142.31650846378932,143.92515563964844,606,0.0,0.0,0.0
2024-06-10 00:00:00+02:00,144.15772475453582,145.01050444237927,143.2855744641283,143.8282470703125,47,0.0,0.0,0.0
2024-06-17 00:00:00+02:00,144.4678440186438,145.22371161052843,142.41343618292876,143.750732421875,1354,0.0,0.0,0.0
2024-06-24 00:00:00+02:00,145.01049941394868,145.68884014815654,143.80885669426686,144.66163635253906,2621,0.0,0.0,0.0
2024-07-01 00:00:00+02:00,145.33999126913312,146.21215640112322,143.0917739325587,146.1733856201172,695,0.0,0.0,0.0
2024-07-08 00:00:00+02:00,146.75482624143052,146.87110900878906,145.2043203386225,146.87110900878906,157,0.0,0.0,0.0
2024-07-15 00:00:00+02:00,147.45254000851708,147.68510552366,142.83979346859613,143.1111297607422,553,0.0,0.0,0.0
2024-07-22 00:00:00+02:00,143.4018478848958,144.58410517994787,140.68847024401043,141.8707275390625,245,0.0,0.0,0.0
2024-07-29 00:00:00+02:00,142.35526585065486,144.46782964899631,136.7153301655195,137.62625122070312,540,0.0,0.0,0.0
2024-08-05 00:00:00+02:00,136.56027701205312,138.7697381881358,132.4320763486817,138.40150451660156,620,0.0,0.0,0.0
2024-08-12 00:00:00+02:00,138.75035471951017,143.20804791146315,138.61468656775784,141.7156982421875,424,0.0,0.0,0.0
2024-08-19 00:00:00+02:00,141.32806161168372,143.5181521727068,141.32806161168372,142.80104064941406,81,0.0,0.0,0.0
2024-08-26 00:00:00+02:00,141.46373101535863,144.71978140901228,141.46373101535863,143.78948974609375,632,0.0,0.0,0.0
2024-09-02 00:00:00+02:00,144.58412214211646,144.70041969716624,138.6340789794922,138.6340789794922,655,0.0,0.0,0.0
2024-09-09 00:00:00+02:00,140.3202396641359,142.89794921875,139.64189893574243,142.89794921875,148,0.0,0.0,0.0
2024-09-16 00:00:00+02:00,143.88640058486143,144.15773691083433,142.35528001017394,143.750732421875,575,0.0,0.0,0.0
2024-09-23 00:00:00+02:00,144.7585554180843,147.66574280634916,143.90577571910964,147.14244079589844,272,0.0,0.0,0.0
2024-09-30 00:00:00+02:00,147.06490593783158,148.46035817334229,145.78575124642603,147.51068115234375,1391,0.0,0.0,0.0
2024-10-07 00:00:00+02:00,149.33252947028268,149.39067085141167,146.9680147262398,148.44097900390625,1633,0.0,0.0,0.0
2024-10-14 00:00:00+02:00,149.5650854834272,150.12714344313017,147.7626288494551,149.1580810546875,1463,0.0,0.0,0.0
2024-10-21 00:00:00+02:00,150.12715164238568,150.2046784121015,147.7238809280735,148.4022216796875,811,0.0,0.0,0.0
2024-10-28 00:00:00+01:00,147.7432596964103,148.94488760635852,145.35935969131646,146.69667053222656,878,0.0,0.0,0.0
2024-11-04 00:00:00+01:00,146.5222329440217,148.22779224341068,144.39029860650433,146.7354278564453,1587,2.35,0.0,0.0
2024-11-11 00:00:00+01:00,149.05516146506972,149.62610498391348,146.2792112753606,148.34640502929688,550,0.0,0.0,0.0
2024-11-18 00:00:00+01:00,147.73609356444157,149.9804839487394,145.84608139979508,149.31109619140625,144,0.0,0.0,0.0
2024-11-25 00:00:00+01:00,150.21673761787684,150.21673761787684,147.16514662940904,149.1339111328125,785,0.0,0.0,0.0
2024-12-02 00:00:00+01:00,149.62609942547687,153.26831068371138,149.055155927843,151.59486389160156,1013,0.0,0.0,0.0
2024-12-09 00:00:00+01:00,152.95332697451747,153.05175619248186,151.27986504382162,151.791748046875,639,0.0,0.0,0.0
2024-12-16 00:00:00+01:00,152.89426772556962,153.76051394515875,146.79108538213288,150.0789337158203,458,0.0,0.0,0.0
2024-12-23 00:00:00+01:00,150.15767088052752,151.29955796445108,149.3504851973967,150.74830627441406,285,0.0,0.0,0.0
2024-12-30 00:00:00+01:00,150.19705001167046,153.97707436011297,150.11829762685105,151.94924926757812,542,0.0,0.0,0.0
2025-01-06 00:00:00+01:00,151.06331399099506,154.09519824942424,151.06331399099506,151.8311309814453,675,0.0,0.0,0.0
2025-01-13 00:00:00+01:00,152.06737089751738,155.748966043926,150.8270546281035,155.25677490234375,4019,0.0,0.0,0.0
2025-01-20 00:00:00+01:00,155.68989654140648,156.28051686499242,153.44550626672222,154.98114013671875,1802,0.0,0.0,0.0
2025-01-27 00:00:00+01:00,154.803943329677,157.32397444342695,151.90987220475358,156.98927307128906,2375,0.0,0.0,0.0
2025-02-03 00:00:00+01:00,156.08365656649713,158.1705422557547,154.075523264445,158.07211303710938,2409,0.0,0.0,0.0
2025-02-10 00:00:00+01:00,157.99334902465938,159.76524005520034,157.32397631338884,158.583984375,2780,0.0,0.0,0.0
2025-02-17 00:00:00+01:00,160.25744091658575,161.32057559954413,158.9777409267017,159.82431030273438,1495,0.0,0.0,0.0
2025-02-24 00:00:00+01:00,159.4896233029133,159.86367836029126,156.1624063463254,156.85147094726562,1609,0.0,0.0,0.0
2025-03-03 00:00:00+01:00,157.87522729526444,158.80054899732792,153.9376983642578,153.9376983642578,1462,0.0,0.0,0.0
2025-03-10 00:00:00+01:00,155.07958328659964,155.07958328659964,149.90173771738998,152.04769897460938,914,0.0,0.0,0.0
2025-03-17 00:00:00+01:00,153.18955809131364,155.1189538744662,152.3823724719659,153.60299682617188,1408,0.0,0.0,0.0
2025-03-24 00:00:00+01:00,155.05990745425706,156.6152333243423,151.3389434814453,151.3389434814453,2742,0.0,0.0,0.0
2025-03-31 00:00:00+02:00,149.921428256932,152.48081324107991,138.50258749540438,140.11697387695312,2769,0.0,0.0,0.0
2025-04-07 00:00:00+02:00,140.1957157418691,140.7666592391429,131.19846273817248,136.9078826904297,665,0.0,0.0,0.0
2025-04-14 00:00:00+02:00,136.98664197226813,143.4835560213799,136.98664197226813,139.93978881835938,1195,0.0,0.0,0.0
2025-04-21 00:00:00+02:00,139.93979184073208,145.70827273883532,137.2425789223419,144.80264282226562,669,0.0,0.0,0.0
2025-04-28 00:00:00+02:00,144.92076240510633,149.86236572265625,144.92076240510633,149.86236572265625,3754,0.0,0.0,0.0
2025-05-05 00:00:00+02:00,148.56297019654824,152.87456934020568,148.56297019654824,150.68923950195312,1510,0.0,0.0,0.0
2025-05-12 00:00:00+02:00,152.38238577364726,155.61115857384414,152.38238577364726,154.6858367919922,1679,0.0,0.0,0.0
2025-05-19 00:00:00+02:00,154.5283242297157,156.45772008406757,152.0279998779297,152.0279998779297,1404,0.0,0.0,0.0
2025-05-26 00:00:00+02:00,153.81956849003967,156.5364731751871,152.81550938685876,155.00083923339844,914,0.0,0.0,0.0
2025-06-02 00:00:00+02:00,153.68175265582428,156.67428311882864,152.7761227847912,155.788330078125,2014,0.0,0.0,0.0
2025-06-09 00:00:00+02:00,155.1583245850562,156.67428165318765,152.5398792300236,153.52426147460938,441,0.0,0.0,0.0
2025-06-16 00:00:00+02:00,154.27239256510916,155.76865784072962,153.1108136607317,154.58738708496094,1078,0.0,0.0,0.0
2025-06-23 00:00:00+02:00,153.4651866029295,156.31990413716974,153.1698839446297,155.8277130126953,2097,0.0,0.0,0.0
2025-06-30 00:00:00+02:00,156.6939675903146,156.87116421528876,153.79989624023438,153.79989624023438,5287,0.0,0.0,0.0
2025-07-07 00:00:00+02:00,155.3945822582289,157.50115966796875,154.25269524572067,157.50115966796875,1693,0.0,0.0,0.0
2025-07-14 00:00:00+02:00,155.07958230638593,158.68242516120867,155.07958230638593,158.40679931640625,2593,0.0,0.0,0.0
2025-07-21 00:00:00+02:00,158.60366197165305,159.60773606389327,156.89084648425145,158.5446014404297,2391,0.0,0.0,0.0
2025-07-28 00:00:00+02:00,158.01304715282157,160.7693205297801,156.6152261233278,156.63490295410156,2178,0.0,0.0,0.0
2025-08-04 00:00:00+02:00,157.16647930843436,159.7455560898999,156.7333486995357,159.23367309570312,3567,0.0,0.0,0.0
2025-08-11 00:00:00+02:00,159.23366677436115,161.51744079589844,159.11554571134408,161.51744079589844,1353,0.0,0.0,0.0
2025-08-18 00:00:00+02:00,160.76932357707355,161.8324432373047,159.13524536298806,161.8324432373047,966,0.0,0.0,0.0
2025-08-25 00:00:00+02:00,161.26151038326591,161.85213073188575,158.997428162353,160.35586547851562,2336,0.0,0.0,0.0
2025-09-01 00:00:00+02:00,159.72586242992708,161.32057192831417,157.8555421168398,160.31649780273438,5582,0.0,0.0,0.0
2025-09-08 00:00:00+02:00,160.69056618192667,161.0646212283175,159.54867915077688,160.06056213378906,2519,0.0,0.0,0.0
2025-09-15 00:00:00+02:00,161.65525456433133,161.95057224391658,159.5683689974295,160.13929748535156,1174,0.0,0.0,0.0
2025-09-22 00:00:00+02:00,160.06056290143698,162.32463010309897,160.02117919921875,160.02117919921875,1055,0.0,0.0,0.0
2025-09-29 00:00:00+02:00,161.65525437787315,165.82904052734375,160.55275106387307,165.82904052734375,1439,0.0,0.0,0.0
2025-10-06 00:00:00+02:00,165.49434833022798,167.71906195290774,162.7577667236328,162.7577667236328,2477,0.0,0.0,0.0
2025-10-13 00:00:00+02:00,164.31309439467017,166.14404610336544,162.44277400234455,163.34840393066406,2974,0.0,0.0,0.0
2025-10-20 00:00:00+02:00,163.19088986436114,169.01843104121764,163.19088986436114,166.41966247558594,1253,0.0,0.0,0.0
2025-10-27 00:00:00+01:00,166.57717343430144,168.1521911170732,166.36060812740828,167.48280334472656,246,0.0,0.0,0.0
2025-11-03 00:00:00+01:00,168.15219104082277,169.4909365439453,160.15899658203125,160.15899658203125,3046,2.68,0.0,0.0
2025-11-10 00:00:00+01:00,166.1999969482422,169.1999969482422,164.0,167.05999755859375,1199,0.0,0.0,0.0
2025-11-17 00:00:00+01:00,166.24000549316406,166.6199951171875,160.0,162.39999389648438,9035,0.0,0.0,0.0
2025-11-24 00:00:00+01:00,163.22000122070312,167.52000427246094,162.10000610351562,167.52000427246094,1117,0.0,0.0,0.0
2025-12-01 00:00:00+01:00,166.6999969482422,169.6199951171875,165.5,169.6199951171875,2300,0.0,0.0,0.0
2025-12-08 00:00:00+01:00,168.52000427246094,170.60000610351562,165.33999633789062,166.9199981689453,12043,0.0,0.0,0.0
2025-12-15 00:00:00+01:00,166.75999450683594,167.44000244140625,164.0800018310547,166.9199981689453,2342,0.0,0.0,0.0
2025-12-22 00:00:00+01:00,167.0399932861328,168.55999755859375,167.02000427246094,167.0800018310547,1479,0.0,0.0,0.0
2025-12-29 00:00:00+01:00,167.9600067138672,170.22000122070312,167.1999969482422,167.55999755859375,8464,0.0,0.0,0.0
2026-01-05 00:00:00+01:00,171.4199981689453,174.86000061035156,170.4600067138672,174.3800048828125,1924,0.0,0.0,0.0
2026-01-12 00:00:00+01:00,174.9199981689453,177.72000122070312,174.4199981689453,175.82000732421875,1876,0.0,0.0,0.0
2026-01-19 00:00:00+01:00,173.77999877929688,175.66000366210938,171.3000030517578,175.02000427246094,1381,0.0,0.0,0.0
2026-01-26 00:00:00+01:00,175.02000427246094,176.86000061035156,174.0,175.75999450683594,488,0.0,0.0,0.0
2026-02-02 00:00:00+01:00,171.17999267578125,175.8000030517578,171.17999267578125,174.5399932861328,3343,0.0,0.0,0.0
2026-02-09 00:00:00+01:00,174.63999938964844,177.83999633789062,174.5399932861328,175.3800048828125,2772,0.0,0.0,0.0
2026-02-16 00:00:00+01:00,176.0800018310547,179.63999938964844,174.0,179.63999938964844,1551,0.0,0.0,0.0
2026-02-23 00:00:00+01:00,179.25999450683594,180.4600067138672,176.97999572753906,179.75999450683594,2228,0.0,0.0,0.0
