Date,Open,High,Low,Close,Volume,Dividends,Stock Splits,Capital Gains
2020-06-01 00:00:00-04:00,88.26273354069565,88.26362223939164,88.24508748552753,88.25391387939453,8500,0.0,0.0,0.0
2020-06-08 00:00:00-04:00,88.25392146779839,88.27156752448379,88.25392146779839,88.25833129882812,7604500,0.0,0.0,0.0
2020-06-15 00:00:00-04:00,88.26275720268939,88.27158359892262,88.25834737085661,88.26717376708984,38400,0.0,0.0,0.0
2020-06-22 00:00:00-04:00,88.27156752448379,88.27156752448379,88.25392146779839,88.25833129882812,103000,0.0,0.0,0.0
2020-06-29 00:00:00-04:00,88.26719211180489,88.27160194455418,88.25836571373726,88.26366424560547,24800,0.006,0.0,0.0
2020-07-06 00:00:00-04:00,88.26365360149994,88.2768906253488,88.2601255239329,88.27600860595703,51800,0.0,0.0,0.0
2020-07-13 00:00:00-04:00,88.2768628127809,88.2768628127809,88.25921569753318,88.26803588867188,49600,0.0,0.0,0.0
2020-07-20 00:00:00-04:00,88.2768628127809,88.2768628127809,88.25921569753318,88.26803588867188,179400,0.0,0.0,0.0
2020-07-27 00:00:00-04:00,88.27687866325573,88.28570558894968,88.25923154483938,88.27246856689453,59900,0.0,0.0,0.0
2020-08-03 00:00:00-04:00,88.26362579310252,88.2768628127809,88.25921569753318,88.26803588867188,46000,0.011,0.0,0.0
2020-08-10 00:00:00-04:00,88.2777482128108,88.28657610816552,88.26009915581257,88.28216552734375,366800,0.0,0.0,0.0
2020-08-17 00:00:00-04:00,88.28658363341185,88.28658363341185,88.26893457490927,88.27775573730469,70400,0.0,0.0,0.0
2020-08-24 00:00:00-04:00,88.28658363341185,88.28658363341185,88.26893457490927,88.27775573730469,106400,0.0,0.0,0.0
2020-08-31 00:00:00-04:00,88.2777641582786,88.28659205522787,88.26011509809243,88.27335357666016,82400,0.007,0.0,0.0
2020-09-07 00:00:00-04:00,88.27511486682427,88.29276516105418,88.27511486682427,88.27952575683594,74900,0.0,0.0,0.0
2020-09-14 00:00:00-04:00,88.27599704482661,88.29276516105418,88.27511486682427,88.27952575683594,26000,0.0,0.0,0.0
2020-09-21 00:00:00-04:00,88.28395080566406,88.29277932128653,88.2751290242259,88.28395080566406,98100,0.0,0.0,0.0
2020-09-28 00:00:00-04:00,88.28837063225765,88.29278152308672,88.26630270974331,88.27513122558594,535500,0.005,0.0,0.0
2020-10-05 00:00:00-04:00,88.28835428699773,88.29718324297434,88.27953206554132,88.28394317626953,183200,0.0,0.0,0.0
2020-10-12 00:00:00-04:00,88.2874720648521,88.31484115492756,88.27953206554132,88.28394317626953,212300,0.0,0.0,0.0
2020-10-19 00:00:00-04:00,88.28836059570312,88.29718955231061,88.2795383736163,88.28836059570312,74400,0.0,0.0,0.0
2020-10-26 00:00:00-04:00,88.28747837349444,88.29718955231061,88.2795383736163,88.28836059570312,24300,0.0,0.0,0.0
2020-11-02 00:00:00-05:00,88.28394317626953,88.28835428699773,88.28306095412388,88.28394317626953,12100,0.005,0.0,0.0
2020-11-09 00:00:00-05:00,88.28837585449219,88.29278718669934,88.28396452228503,88.28837585449219,60700,0.0,0.0,0.0
2020-11-16 00:00:00-05:00,88.2919049202579,88.30161658597197,88.28396452228503,88.28837585449219,988600,0.0,0.0,0.0
2020-11-23 00:00:00-05:00,88.29717319241438,88.30158452301974,88.2839324657424,88.29275512695312,28500,0.0,0.0,0.0
2020-11-30 00:00:00-05:00,88.28396452228503,88.30073431953055,88.28396452228503,88.28837585449219,66600,0.005,0.0,0.0
2020-12-07 00:00:00-05:00,88.28926403158684,88.30603466789216,88.2883817210021,88.29279327392578,186500,0.0,0.0,0.0
2020-12-14 00:00:00-05:00,88.29720482684948,88.30603466789216,88.2883817210021,88.29279327392578,222000,0.006,0.0,0.0
2020-12-21 00:00:00-05:00,88.29364776611328,88.30247139822326,88.29364776611328,88.29364776611328,186700,0.0,0.0,0.0
2020-12-28 00:00:00-05:00,88.29456624883719,88.30250752098478,88.29368388526522,88.298095703125,144600,0.0,0.0,0.0
2021-01-04 00:00:00-05:00,88.30250752098478,88.30250752098478,88.29368388526522,88.298095703125,175400,0.0,0.0,0.0
2021-01-11 00:00:00-05:00,88.29368388526522,88.30250752098478,88.29368388526522,88.298095703125,136900,0.0,0.0,0.0
2021-01-18 00:00:00-05:00,88.29368388526522,88.30250752098478,88.29368388526522,88.298095703125,363900,0.0,0.0,0.0
2021-01-25 00:00:00-05:00,88.29804790132552,88.30245971679688,88.29363608585417,88.30245971679688,294300,0.0,0.0,0.0
2021-02-01 00:00:00-05:00,88.29544861240913,88.30250752098478,88.29368388526522,88.298095703125,387400,0.005,0.0,0.0
2021-02-08 00:00:00-05:00,88.30690990158344,88.30690990158344,88.29808582595562,88.30249786376953,294500,0.0,0.0,0.0
2021-02-15 00:00:00-05:00,88.29808582595562,88.30690990158344,88.29808582595562,88.30249786376953,167600,0.0,0.0,0.0
2021-02-22 00:00:00-05:00,88.30249786376953,88.30690990158344,88.29808582595562,88.30249786376953,230100,0.0,0.0,0.0
2021-03-01 00:00:00-05:00,88.30686950683594,88.31570031435982,88.29804543524457,88.30686950683594,278700,0.0,0.0,0.0
2021-03-08 00:00:00-05:00,88.29808582595562,88.31574071314684,88.29808582595562,88.30249786376953,106800,0.0,0.0,0.0
2021-03-15 00:00:00-04:00,88.30336904085792,88.31572948110043,88.29807459615458,88.31131744384766,63600,0.0,0.0,0.0
2021-03-22 00:00:00-04:00,88.31131744384766,88.31572948110043,88.30689867066013,88.31131744384766,206000,0.0,0.0,0.0
2021-03-29 00:00:00-04:00,88.30689867066013,88.31572948110043,88.29807459615458,88.31131744384766,188800,0.0,0.0,0.0
2021-04-05 00:00:00-04:00,88.30686950683594,88.31570031435982,88.29804543524457,88.30686950683594,238800,0.0,0.0,0.0
2021-04-12 00:00:00-04:00,88.31131519674621,88.31572723388672,88.30689642367113,88.31572723388672,363900,0.0,0.0,0.0
2021-04-19 00:00:00-04:00,88.30689642367113,88.31572723388672,88.30689642367113,88.31572723388672,363900,0.0,0.0,0.0
2021-04-26 00:00:00-04:00,88.31572723388672,88.31572723388672,88.30689642367113,88.31572723388672,210400,0.0,0.0,0.0
2021-05-03 00:00:00-04:00,88.31572167353116,88.31572167353116,88.30689086387154,88.30866241455078,149700,0.004,0.0,0.0
2021-05-10 00:00:00-04:00,88.31926969702344,88.31926969702344,88.31043853259212,88.31485748291016,187700,0.0,0.0,0.0
2021-05-17 00:00:00-04:00,88.3104019165039,88.31923307727358,88.3104019165039,88.3104019165039,138300,0.0,0.0,0.0
2021-05-24 00:00:00-04:00,88.31925201416016,88.31925201416016,88.31042085149696,88.31925201416016,57200,0.0,0.0,0.0
2021-05-31 00:00:00-04:00,88.3104019165039,88.31923307727358,88.3104019165039,88.3104019165039,69800,0.002,0.0,0.0
2021-06-07 00:00:00-04:00,88.32103980498493,88.32103980498493,88.31220846355811,88.3166275024414,113500,0.0,0.0,0.0
2021-06-14 00:00:00-04:00,88.32102104594263,88.32102104594263,88.30336510317878,88.30777740478516,128600,0.0,0.0,0.0
2021-06-21 00:00:00-04:00,88.31219069404155,88.3210220336914,88.30777839238581,88.3210220336914,134500,0.0,0.0,0.0
2021-06-28 00:00:00-04:00,88.32103723712089,88.32103723712089,88.31220589595083,88.31309509277344,116100,0.002,0.0,0.0
2021-07-05 00:00:00-04:00,88.32277347034481,88.32277347034481,88.30511717725999,88.3139419555664,78600,0.0,0.0,0.0
2021-07-12 00:00:00-04:00,88.32280228317076,88.32280228317076,88.30514598432606,88.31838989257812,58200,0.0,0.0,0.0
2021-07-19 00:00:00-04:00,88.31836440511432,88.3227767944336,88.30512050068427,88.3227767944336,343900,0.0,0.0,0.0
2021-07-26 00:00:00-04:00,88.32280228317076,88.32280228317076,88.30514598432606,88.31838989257812,109400,0.0,0.0,0.0
2021-08-02 00:00:00-04:00,88.30514598432606,88.32280228317076,88.30514598432606,88.31838989257812,75200,0.002,0.0,0.0
2021-08-09 00:00:00-04:00,88.31572543845174,88.32455713158086,88.30690048193064,88.32014465332031,82300,0.0,0.0,0.0
2021-08-16 00:00:00-04:00,88.32370246500733,88.3245849609375,88.306928305724,88.3245849609375,125700,0.0,0.0,0.0
2021-08-23 00:00:00-04:00,88.31661467071187,88.32455713158086,88.31572543845174,88.32014465332031,95700,0.0,0.0,0.0
2021-08-30 00:00:00-04:00,88.32455713158086,88.32455713158086,88.31572543845174,88.32014465332031,71100,0.003,0.0,0.0
2021-09-06 00:00:00-04:00,88.3183622570526,88.32719421386719,88.30953703704718,88.32719421386719,776500,0.0,0.0,0.0
2021-09-13 00:00:00-04:00,88.32718177442032,88.32718177442032,88.30952460008704,88.32276916503906,97700,0.0,0.0,0.0
2021-09-20 00:00:00-04:00,88.32100412128655,88.32718177442032,88.31834981884957,88.32276916503906,199100,0.0,0.0,0.0
2021-09-27 00:00:00-04:00,88.3271865212302,88.3271865212302,88.309529345948,88.3139419555664,162400,0.003,0.0,0.0
2021-10-04 00:00:00-04:00,88.32983176812179,88.32983176812179,88.31217406403765,88.32630157470703,679400,0.0,0.0,0.0
2021-10-11 00:00:00-04:00,88.32983136601484,88.32983136601484,88.31217366201108,88.32099914550781,120700,0.0,0.0,0.0
2021-10-18 00:00:00-04:00,88.32983176812179,88.32983176812179,88.31217406403765,88.32630157470703,98100,0.0,0.0,0.0
2021-10-25 00:00:00-04:00,88.32630117261616,88.32983136601484,88.31217366201108,88.32099914550781,199100,0.0,0.0,0.0
2021-11-01 00:00:00-04:00,88.32099914550781,88.32983136601484,88.31217366201108,88.32099914550781,119800,0.003,0.0,0.0
2021-11-08 00:00:00-05:00,88.3316040859382,88.33248666081828,88.31482842600393,88.32365417480469,81900,0.0,0.0,0.0
2021-11-15 00:00:00-05:00,88.32365417480469,88.33248666081828,88.31482842600393,88.32365417480469,138800,0.0,0.0,0.0
2021-11-22 00:00:00-05:00,88.33248666081828,88.33248666081828,88.31482842600393,88.32365417480469,194200,0.0,0.0,0.0
2021-11-29 00:00:00-05:00,88.32365417480469,88.33248666081828,88.31482842600393,88.32365417480469,154000,0.003,0.0,0.0
2021-12-06 00:00:00-05:00,88.31745798055991,88.3351167411443,88.31745798055991,88.33070373535156,272700,0.0,0.0,0.0
2021-12-13 00:00:00-05:00,88.33513432546422,88.33513432546422,88.3174755613646,88.32630157470703,225800,0.005,0.0,0.0
2021-12-20 00:00:00-05:00,88.3307106475691,88.3395438392396,88.32188419364968,88.33866119384766,465400,0.0,0.0,0.0
2021-12-27 00:00:00-05:00,88.33071644857314,88.33954964082376,88.32188999407406,88.33513641357422,185100,0.0,0.0,0.0
2022-01-03 00:00:00-05:00,88.32365528497388,88.33954964082376,88.32188999407406,88.33513641357422,289900,0.0,0.0,0.0
2022-01-10 00:00:00-05:00,88.33071644857314,88.33954964082376,88.32188999407406,88.33513641357422,342900,0.0,0.0,0.0
2022-01-17 00:00:00-05:00,88.32187728212284,88.3483701173101,88.32187728212284,88.33070373535156,553300,0.0,0.0,0.0
2022-01-24 00:00:00-05:00,88.3307106475691,88.3395438392396,88.32188419364968,88.33866119384766,1426400,0.0,0.0,0.0
2022-01-31 00:00:00-05:00,88.3395650825629,88.3395650825629,88.32190543272631,88.32984924316406,708800,0.002,0.0,0.0
2022-02-07 00:00:00-05:00,88.32366180419922,88.34132180521603,88.32366180419922,88.32366180419922,8881100,0.0,0.0,0.0
2022-02-14 00:00:00-05:00,88.34134674072266,88.34134674072266,88.32368673472108,88.34134674072266,1386600,0.0,0.0,0.0
2022-02-21 00:00:00-05:00,88.33251336877758,88.35018011266774,88.33251336877758,88.34134674072266,1271000,0.0,0.0,0.0
2022-02-28 00:00:00-05:00,88.33251336877758,88.35018011266774,88.32368673472108,88.34134674072266,1289500,0.008,0.0,0.0
2022-03-07 00:00:00-05:00,88.34839630126953,88.3572303781098,88.33073488601525,88.34839630126953,1913200,0.0,0.0,0.0
2022-03-14 00:00:00-04:00,88.33956222442926,88.3572303781098,88.33956222442926,88.34839630126953,2003400,0.0,0.0,0.0
2022-03-21 00:00:00-04:00,88.33956222442926,88.3572303781098,88.33956222442926,88.34839630126953,2590900,0.0,0.0,0.0
2022-03-28 00:00:00-04:00,88.3572303781098,88.36606445495008,88.33426582138085,88.34839630126953,1260400,0.018,0.0,0.0
2022-04-04 00:00:00-04:00,88.34660848216588,88.36427307128906,88.34660848216588,88.36427307128906,1178200,0.0,0.0,0.0
2022-04-11 00:00:00-04:00,88.36428326916655,88.37311893456645,88.35544760376665,88.37135314941406,786500,0.0,0.0,0.0
2022-04-18 00:00:00-04:00,88.37310028076172,88.37310028076172,88.355428953692,88.37310028076172,1439700,0.0,0.0,0.0
2022-04-25 00:00:00-04:00,88.38196391998676,88.39079284667969,88.36429258732349,88.39079284667969,4815000,0.0,0.0,0.0
2022-05-02 00:00:00-04:00,88.36426461722685,88.37310028076172,88.34660002979369,88.37310028076172,3513100,0.025,0.0,0.0
2022-05-09 00:00:00-04:00,88.38636476336009,88.40404051007742,88.38636476336009,88.39520263671875,3099100,0.0,0.0,0.0
2022-05-16 00:00:00-04:00,88.40402221679688,88.42169121853584,88.38634647373715,88.40402221679688,2114900,0.0,0.0,0.0
2022-05-23 00:00:00-04:00,88.40404274215894,88.4393807538415,88.40404274215894,88.43054962158203,2377000,0.0,0.0,0.0
2022-05-30 00:00:00-04:00,88.41285334700598,88.43052909006569,88.38634647373715,88.40402221679688,1632100,0.041,0.0,0.0
2022-06-06 00:00:00-04:00,88.44025421142578,88.44908896103424,88.42257122404152,88.44025421142578,2961300,0.0,0.0,0.0
2022-06-13 00:00:00-04:00,88.44025527504151,88.45793151855469,88.41373079364611,88.45793151855469,4330100,0.0,0.0,0.0
2022-06-20 00:00:00-04:00,88.45793151855469,88.47560776206787,88.44467264989886,88.45793151855469,3225400,0.0,0.0,0.0
2022-06-27 00:00:00-04:00,88.45794474322923,88.50214547474592,88.42258550683283,88.43142700195312,2598000,0.069,0.0,0.0
2022-07-04 00:00:00-04:00,88.49241288195103,88.51894891093143,88.48356528937897,88.51010131835938,2512600,0.0,0.0,0.0
2022-07-11 00:00:00-04:00,88.51010131835938,88.54106451799368,88.49241288195103,88.51010131835938,8337400,0.0,0.0,0.0
2022-07-18 00:00:00-04:00,88.51893004565652,88.55431365966797,88.50124161301795,88.55431365966797,3934000,0.0,0.0,0.0
2022-07-25 00:00:00-04:00,88.55435693338889,88.58089296968122,88.5455093383789,88.5455093383789,6697300,0.0,0.0,0.0
2022-08-01 00:00:00-04:00,88.48356528937897,88.51894891093143,88.47471769680693,88.51010131835938,3112000,0.116,0.0,0.0
2022-08-08 00:00:00-04:00,88.62165705833492,88.65708173534796,88.6127991999401,88.64822387695312,3061800,0.0,0.0,0.0
2022-08-15 00:00:00-04:00,88.65707284086967,88.69249751432874,88.6482149833635,88.6747817993164,3524500,0.0,0.0,0.0
2022-08-22 00:00:00-04:00,88.68366813485599,88.72795068004122,88.68366813485599,88.72351837158203,3610900,0.0,0.0,0.0
2022-08-29 00:00:00-04:00,88.72794776800946,88.74565673156167,88.59510689338138,88.6128158569336,5210600,0.168,0.0,0.0
2022-09-05 00:00:00-04:00,88.7793651803502,88.81484935123525,88.76161971095088,88.79710388183594,2344300,0.0,0.0,0.0
2022-09-12 00:00:00-04:00,88.80596175790356,88.85031865606668,88.79708902468845,88.84144592285156,4576500,0.0,0.0,0.0
2022-09-19 00:00:00-04:00,88.85034157592982,88.903564453125,88.84146884042589,88.903564453125,8958000,0.0,0.0,0.0
2022-09-26 00:00:00-04:00,88.90354110530754,88.94789123535156,88.89466837213376,88.94789123535156,8790900,0.0,0.0,0.0
2022-10-03 00:00:00-04:00,88.81484176065051,88.85919189453125,88.80596902670915,88.85919189453125,6333500,0.157,0.0,0.0
2022-10-10 00:00:00-04:00,89.01632161548173,89.03408813476562,88.98078179838693,89.03408813476562,9531700,0.0,0.0,0.0
2022-10-17 00:00:00-04:00,89.03408000778153,89.07850646972656,89.01631349011934,89.07850646972656,6521400,0.0,0.0,0.0
2022-10-24 00:00:00-04:00,89.06961847398111,89.13181145264733,89.06961847398111,89.1229248046875,6652600,0.0,0.0,0.0
2022-10-31 00:00:00-04:00,89.1229187614735,89.13180540883074,88.91857332193766,88.98076629638672,6584800,0.241,0.0,0.0
2022-11-07 00:00:00-05:00,89.18614971056779,89.25740051269531,89.18614971056779,89.25740051269531,7092700,0.0,0.0,0.0
2022-11-14 00:00:00-05:00,89.24850395877263,89.30193866982533,89.24850395877263,89.29303741455078,9088300,0.0,0.0,0.0
2022-11-21 00:00:00-05:00,89.30193794001447,89.3642807006836,89.30193794001447,89.3642807006836,3129300,0.0,0.0,0.0
2022-11-28 00:00:00-05:00,89.38209355150013,89.40881090583689,89.17724917683323,89.1861572265625,6630200,0.283,0.0,0.0
2022-12-05 00:00:00-05:00,89.45619587341213,89.52764132779319,89.44726263634072,89.51871490478516,6397800,0.0,0.0,0.0
2022-12-12 00:00:00-05:00,89.52765799780936,89.554450899949,89.27758182575313,89.29544830322266,6256100,0.327,0.0,0.0
2022-12-19 00:00:00-05:00,89.59659340094652,89.67724195613808,89.58763776753963,89.65931701660156,9915700,0.0,0.0,0.0
2022-12-26 00:00:00-05:00,89.67724166190679,89.73996527735603,89.66827919216793,89.73100280761719,15211300,0.0,0.0,0.0
2023-01-02 00:00:00-05:00,89.73994766610963,89.79370880126953,89.73994766610963,89.79370880126953,6143700,0.0,0.0,0.0
2023-01-09 00:00:00-05:00,89.78474605343666,89.86539459228516,89.7757904218446,89.86539459228516,17359300,0.0,0.0,0.0
2023-01-16 00:00:00-05:00,89.85644295443714,89.9191665649414,89.85644295443714,89.9191665649414,5168800,0.0,0.0,0.0
2023-01-23 00:00:00-05:00,89.92812112157702,89.9998071948062,89.91915865333333,89.9908447265625,8419400,0.0,0.0,0.0
2023-01-30 00:00:00-05:00,89.99982220889189,90.02670278174708,89.67724166190679,89.73100280761719,8708300,0.394,0.0,0.0
2023-02-06 00:00:00-05:00,90.0932870602099,90.15625762939453,90.08428930367573,90.15625762939453,7898000,0.0,0.0,0.0
2023-02-13 00:00:00-05:00,90.16528216852689,90.24624141155061,90.15628440932004,90.23724365234375,7898600,0.0,0.0,0.0
2023-02-20 00:00:00-05:00,90.26421184725406,90.31819152832031,90.2552209531413,90.31819152832031,16415600,0.0,0.0,0.0
2023-02-27 00:00:00-05:00,90.32718068715735,90.3451693369484,90.0932870602099,90.15625762939453,11553000,0.278,0.0,0.0
2023-03-06 00:00:00-05:00,90.41556097959831,90.48772221252237,90.3975155096196,90.47870635986328,10916100,0.0,0.0,0.0
2023-03-13 00:00:00-04:00,90.51477647045654,90.60499004864839,90.496737884216,90.58694458007812,19753000,0.0,0.0,0.0
2023-03-20 00:00:00-04:00,90.61400437694347,90.68617248535156,90.59596579100625,90.68617248535156,11962900,0.0,0.0,0.0
2023-03-27 00:00:00-04:00,90.66813209280384,90.73127746582031,90.66813209280384,90.73127746582031,12243800,0.0,0.0,0.0
2023-04-03 00:00:00-04:00,90.41555066049273,90.49673461914062,90.40652792653313,90.49673461914062,10820200,0.362,0.0,0.0
2023-04-10 00:00:00-04:00,90.82816097432675,90.91416931152344,90.81458143763155,90.91416931152344,20196200,0.0,0.0,0.0
2023-04-17 00:00:00-04:00,90.9141519185306,91.00468444824219,90.9141519185306,91.00468444824219,7177900,0.0,0.0,0.0
2023-04-24 00:00:00-04:00,91.00467153710834,91.05899657297942,90.9956231204534,91.04088592529297,10045500,0.0,0.0,0.0
2023-05-01 00:00:00-04:00,90.7149620742612,90.7783355259038,90.69685833401539,90.769287109375,13545900,0.392,0.0,0.0
2023-05-08 00:00:00-04:00,91.13360395850091,91.23358154296875,91.13360395850091,91.23358154296875,9974800,0.0,0.0,0.0
2023-05-15 00:00:00-04:00,91.23358921918322,91.30630145659043,91.22450539017278,91.29721069335938,7019400,0.0,0.0,0.0
2023-05-22 00:00:00-04:00,91.30628768099315,91.40626525878906,91.29719691913364,91.40626525878906,8919500,0.0,0.0,0.0
2023-05-29 00:00:00-04:00,91.41535157009544,91.442616920127,91.07906273986146,91.09724426269531,11900600,0.432,0.0,0.0
2023-06-05 00:00:00-04:00,91.49928209437479,91.5996908841953,91.49928209437479,91.59056091308594,11575000,0.0,0.0,0.0
2023-06-12 00:00:00-04:00,91.6088284014116,91.70010722764168,91.59056845768876,91.68185424804688,9761400,0.0,0.0,0.0
2023-06-19 00:00:00-04:00,91.71837404659559,91.77313995361328,91.70011410150397,91.77313995361328,7458200,0.0,0.0,0.0
2023-06-26 00:00:00-04:00,91.78226675907014,91.86441561676202,91.78226675907014,91.85528564453125,12720200,0.0,0.0,0.0
2023-07-03 00:00:00-04:00,91.50843077757995,91.57232666015625,91.49930080460365,91.57232666015625,13889800,0.417,0.0,0.0
2023-07-10 00:00:00-04:00,91.97168178282035,92.04501149396593,91.96252081375678,92.03585052490234,13706800,0.0,0.0,0.0
2023-07-17 00:00:00-04:00,92.05876846721392,92.12751770019531,92.04502001923902,92.12751770019531,7917500,0.0,0.0,0.0
2023-07-24 00:00:00-04:00,92.1458424716952,92.22834014892578,92.13667450909035,92.22834014892578,7296700,0.0,0.0,0.0
2023-07-31 00:00:00-04:00,92.22834243945938,92.23750340918525,91.84336492466636,91.91669464111328,15568300,0.442,0.0,0.0
2023-08-07 00:00:00-04:00,92.34066074659839,92.41430698002257,92.33145233343491,92.40510559082031,11644400,0.0,0.0,0.0
2023-08-14 00:00:00-04:00,92.42350887972431,92.5063705444336,92.42350887972431,92.5063705444336,15797600,0.0,0.0,0.0
2023-08-21 00:00:00-04:00,92.51558802790653,92.59844970703125,92.51558802790653,92.59844970703125,11098500,0.0,0.0,0.0
2023-08-28 00:00:00-04:00,92.61685612609446,92.69050938841059,92.30384029719347,92.31304168701172,16857900,0.431,0.0,0.0
2023-09-04 00:00:00-04:00,92.72383232753882,92.79317474365234,92.719204797023,92.79317474365234,10204300,0.0,0.0,0.0
2023-09-11 00:00:00-04:00,92.80242447509399,92.88563537597656,92.80242447509399,92.88563537597656,10216200,0.0,0.0,0.0
2023-09-18 00:00:00-04:00,92.89486986074176,92.97808074951172,92.89486986074176,92.97808074951172,12542500,0.0,0.0,0.0
2023-09-25 00:00:00-04:00,92.99659256388684,93.07980346679688,92.98734455662039,93.07980346679688,17718200,0.0,0.0,0.0
2023-10-02 00:00:00-04:00,92.70995561063276,92.81166252241354,92.70071465804344,92.80242156982422,21039800,0.412,0.0,0.0
2023-10-09 00:00:00-04:00,93.20234711546263,93.26733502157528,93.19306110511782,93.25804901123047,12636400,0.0,0.0,0.0
2023-10-16 00:00:00-04:00,93.27661458259827,93.36945343017578,93.27661458259827,93.36945343017578,15822900,0.0,0.0,0.0
2023-10-23 00:00:00-04:00,93.38339136053617,93.46230474566163,93.37875189664089,93.4530258178711,14537200,0.0,0.0,0.0
2023-10-30 00:00:00-04:00,93.47158253191259,93.49014746901109,93.10022004158928,93.15592193603516,24696900,0.427,0.0,0.0
2023-11-06 00:00:00-05:00,93.56474097177818,93.65517963911026,93.56194543958834,93.63653564453125,16411100,0.0,0.0,0.0
2023-11-13 00:00:00-05:00,93.65517940273199,93.74842071533203,93.64586096212274,93.74842071533203,20093500,0.0,0.0,0.0
2023-11-20 00:00:00-05:00,93.76706690537343,93.85098266601562,93.75774135123238,93.85098266601562,7903900,0.0,0.0,0.0
2023-11-27 00:00:00-05:00,93.86963015166535,93.92556925196457,93.52465576875436,93.53398132324219,20586100,0.443,0.0,0.0
2023-12-04 00:00:00-05:00,93.95650578739377,94.03142547607422,93.94713904012502,94.03142547607422,13079000,0.0,0.0,0.0
2023-12-11 00:00:00-05:00,94.05017259451779,94.07826569779293,93.68494796246826,93.70367431640625,17726000,0.455,0.0,0.0
2023-12-18 00:00:00-05:00,94.14885539192511,94.24292755126953,94.13944602281697,94.24292755126953,20368500,0.0,0.0,0.0
2023-12-25 00:00:00-05:00,94.25232227415954,94.33698505123975,94.25232227415954,94.32757568359375,12229300,0.0,0.0,0.0
2024-01-01 00:00:00-05:00,94.34641073247138,94.4216713321636,94.33700136319841,94.41226196289062,16150300,0.0,0.0,0.0
2024-01-08 00:00:00-05:00,94.44046612475393,94.53453826904297,94.43105675715165,94.53453826904297,12956600,0.0,0.0,0.0
2024-01-15 00:00:00-05:00,94.5533580700817,94.61920928955078,94.54394870237337,94.61920928955078,11331200,0.0,0.0,0.0
2024-01-22 00:00:00-05:00,94.63332036550611,94.71328204843336,94.61920990247451,94.70387268066406,14299900,0.0,0.0,0.0
2024-01-29 00:00:00-05:00,94.72269337247894,94.75091429912497,94.36520916230982,94.37461853027344,22719100,0.458,0.0,0.0
2024-02-05 00:00:00-05:00,94.824672226864,94.90972900390625,94.81522708166392,94.90972900390625,15829100,0.0,0.0,0.0
2024-02-12 00:00:00-05:00,94.91917712135971,95.01367903938288,94.90972476654713,95.00422668457031,13907900,0.0,0.0,0.0
2024-02-19 00:00:00-05:00,95.02313478353443,95.0987319946289,95.01368242838471,95.0987319946289,10047500,0.0,0.0,0.0
2024-02-26 00:00:00-05:00,95.10818133893123,95.17433340281625,94.79631851917294,94.80577087402344,22611700,0.41,0.0,0.0
2024-03-04 00:00:00-05:00,95.20283364464095,95.29772189264975,95.20283364464095,95.2882308959961,16419300,0.0,0.0,0.0
2024-03-11 00:00:00-04:00,95.30721904557123,95.38312530517578,95.2977280483045,95.38312530517578,14832800,0.0,0.0,0.0
2024-03-18 00:00:00-04:00,95.40210621610342,95.48750347200473,95.3926152189445,95.47801971435547,14904200,0.0,0.0,0.0
2024-03-25 00:00:00-04:00,95.49699302725354,95.57290652435937,95.49699302725354,95.56341552734375,14021200,0.0,0.0,0.0
2024-04-01 00:00:00-04:00,95.17436077978121,95.2597580247528,95.164869783837,95.2502670288086,22452100,0.45,0.0,0.0
2024-04-08 00:00:00-04:00,95.69686284095647,95.77311706542969,95.68732924489655,95.77311706542969,18722500,0.0,0.0,0.0
2024-04-15 00:00:00-04:00,95.78263843602285,95.8779525756836,95.78263843602285,95.8779525756836,19164400,0.0,0.0,0.0
2024-04-22 00:00:00-04:00,95.88747879206787,95.9732666015625,95.87794519723465,95.9732666015625,16695200,0.0,0.0,0.0
2024-04-29 00:00:00-04:00,95.98279458189836,95.99232817689621,95.60153804601181,95.66825866699219,26558500,0.428,0.0,0.0
2024-05-06 00:00:00-04:00,96.07661940993597,96.1723403930664,96.07661940993597,96.1723403930664,16070000,0.0,0.0,0.0
2024-05-13 00:00:00-04:00,96.1819114845859,96.26805817562635,96.1723371956783,96.25848388671875,18555100,0.0,0.0,0.0
2024-05-20 00:00:00-04:00,96.27763107221747,96.37335205078125,96.26805678344833,96.37335205078125,15265700,0.0,0.0,0.0
2024-05-27 00:00:00-04:00,96.37334798108533,96.44035339355469,96.37334798108533,96.44035339355469,18320900,0.0,0.0,0.0
2024-06-03 00:00:00-04:00,96.03832660566628,96.12447329692428,96.03832660566628,96.11490631103516,26075900,0.44,0.0,0.0
2024-06-10 00:00:00-04:00,96.56534616251989,96.65187072753906,96.55572987693662,96.65187072753906,18860900,0.0,0.0,0.0
2024-06-17 00:00:00-04:00,96.66148770524913,96.74801227088784,96.651871419597,96.7384033203125,13544500,0.0,0.0,0.0
2024-06-24 00:00:00-04:00,96.75762132991207,96.83453693923077,96.74800504497817,96.82492065429688,22589100,0.0,0.0,0.0
2024-07-01 00:00:00-04:00,96.44034971069061,96.51726531982422,96.43074076085607,96.51726531982422,23414200,0.439,0.0,0.0
2024-07-08 00:00:00-04:00,96.94950450758394,97.04606628417969,96.94950450758394,97.04606628417969,19397800,0.0,0.0,0.0
2024-07-15 00:00:00-04:00,97.0557200905751,97.13296508789062,97.04606170321405,97.13296508789062,19345100,0.0,0.0,0.0
2024-07-22 00:00:00-04:00,97.15227754685336,97.2295299079281,97.14261915992134,97.2198715209961,16384500,0.0,0.0,0.0
2024-07-29 00:00:00-04:00,97.23919213868324,97.26816730281989,96.84328663511359,96.9012222290039,34018800,0.453,0.0,0.0
2024-08-05 00:00:00-04:00,97.33899665068829,97.43599467047457,97.33899665068829,97.42630004882812,27835000,0.0,0.0,0.0
2024-08-12 00:00:00-04:00,97.44570135842216,97.53300476074219,97.43599933583661,97.53300476074219,20812000,0.0,0.0,0.0
2024-08-19 00:00:00-04:00,97.54269891360755,97.63000231550761,97.54269891360755,97.62030029296875,18349900,0.0,0.0,0.0
2024-08-26 00:00:00-04:00,97.63969881115041,97.72699480763421,97.63969881115041,97.71729278564453,23253000,0.0,0.0,0.0
2024-09-02 00:00:00-04:00,97.66880894909382,97.66880894909382,97.31961012119186,97.40690612792969,29432900,0.444,0.0,0.0
2024-09-09 00:00:00-04:00,97.84786441516704,97.935546875,97.84786441516704,97.935546875,21429200,0.0,0.0,0.0
2024-09-16 00:00:00-04:00,97.93553695504342,98.05245432288142,97.93553695504342,98.04270935058594,21511600,0.0,0.0,0.0
2024-09-23 00:00:00-04:00,98.06219404598777,98.14013895370744,98.05244907421392,98.1303939819336,21826600,0.0,0.0,0.0
2024-09-30 00:00:00-04:00,98.14014807483359,98.14988561427691,97.740685960571,97.79914093017578,35045800,0.43,0.0,0.0
2024-10-07 00:00:00-04:00,98.22824121009539,98.3260863569858,98.22824121009539,98.3163070678711,20249900,0.0,0.0,0.0
2024-10-14 00:00:00-04:00,98.31631301258041,98.40437141057438,98.31631301258041,98.39458465576172,18220100,0.0,0.0,0.0
2024-10-21 00:00:00-04:00,98.4043734051339,98.49243927001953,98.4043734051339,98.49243927001953,20422500,0.0,0.0,0.0
2024-10-28 00:00:00-04:00,98.50221701339554,98.54135656771832,98.1695419993118,98.1793212890625,38753300,0.415,0.0,0.0
2024-11-04 00:00:00-05:00,98.59543048449144,98.6838607788086,98.58560323045654,98.6838607788086,30605200,0.0,0.0,0.0
2024-11-11 00:00:00-05:00,98.67403600073216,98.76245880126953,98.66912612159075,98.76245880126953,23503300,0.0,0.0,0.0
2024-11-18 00:00:00-05:00,98.77228163252235,98.84105741741566,98.76245437868093,98.83123016357422,22795800,0.0,0.0,0.0
2024-11-25 00:00:00-05:00,98.84106705857864,98.92949735978047,98.84106705857864,98.91967010498047,23097200,0.0,0.0,0.0
2024-12-02 00:00:00-05:00,98.57085276494314,98.65437316894531,98.56594288658903,98.65437316894531,32206100,0.378,0.0,0.0
2024-12-09 00:00:00-05:00,99.02618079533133,99.11493682861328,99.02618079533133,99.11493682861328,25061100,0.0,0.0,0.0
2024-12-16 00:00:00-05:00,99.12480169279209,99.13465845815944,98.7697625091095,98.8190689086914,40142200,0.372,0.0,0.0
2024-12-23 00:00:00-05:00,99.20596949140199,99.27526092529297,99.19606855736045,99.27526092529297,23218900,0.0,0.0,0.0
2024-12-30 00:00:00-05:00,99.28516260611518,99.36434742244342,99.27526167199917,99.35445404052734,28182100,0.0,0.0,0.0
2025-01-06 00:00:00-05:00,99.36434809148847,99.44354046054987,99.35445470950579,99.43363952636719,27476100,0.0,0.0,0.0
2025-01-13 00:00:00-05:00,99.44848991556952,99.53263653016097,99.44354322444069,99.52273559570312,33686800,0.0,0.0,0.0
2025-01-20 00:00:00-05:00,99.53758194631541,99.60192669116697,99.53263525524994,99.59202575683594,25135800,0.0,0.0,0.0
2025-01-27 00:00:00-05:00,99.60192541714243,99.67121685217315,99.59202448293804,99.66131591796875,39781500,0.0,0.0,0.0
2025-02-03 00:00:00-05:00,99.31485822931889,99.40394398009776,99.31485822931889,99.39405059814453,43966700,0.363,0.0,0.0
2025-02-10 00:00:00-05:00,99.77358221813031,99.8530611511591,99.76364545661966,99.84312438964844,33898900,0.0,0.0,0.0
2025-02-17 00:00:00-05:00,99.86298680505085,99.92259979248047,99.85305762341922,99.92259979248047,39811800,0.0,0.0,0.0
2025-02-24 00:00:00-05:00,99.93252873634503,100.00207848476876,99.92259955473702,99.99214172363281,54679000,0.0,0.0,0.0
2025-03-03 00:00:00-05:00,99.7040326627336,99.77357482910156,99.69409590195883,99.77357482910156,55030200,0.313,0.0,0.0
2025-03-10 00:00:00-04:00,100.09479167431664,100.16455078125,100.0848239152769,100.16455078125,62064800,0.0,0.0,0.0
2025-03-17 00:00:00-04:00,100.17450738650273,100.24426649096351,100.16454723098843,100.23430633544922,57566500,0.0,0.0,0.0
2025-03-24 00:00:00-04:00,100.25922607135199,100.3239974975586,100.25423839021671,100.3239974975586,61730700,0.0,0.0,0.0
2025-03-31 00:00:00-04:00,100.32399653857742,100.33396429758025,99.99512892003536,100.06489562988281,86718000,0.346,0.0,0.0
2025-04-07 00:00:00-04:00,100.41000366210938,100.48999786376953,100.41000366210938,100.48999786376953,91287000,0.0,0.0,0.0
2025-04-14 00:00:00-04:00,100.48999786376953,100.58000183105469,100.48999786376953,100.56999969482422,49803472,0.0,0.0,0.0
